the,,その,,,expression
be,,である,,,verb
and,,～と,,,conjunction
of,,の,,,expression
to,,～へ,,,expression
a,,一つの,,,expression
in,,～の中,,,expression
have,,持つ,,,verb
it,,それ,,,pronoun
you,,あなた,,,pronoun
he,,彼,,,pronoun
for,,～のため,,,expression
they,,彼ら,,,pronoun
not,,～でない,,,adverb
that,,あの,,,adjective
we,,私たち,,,pronoun
on,,～に接して,,,expression
with,,～と一緒,,,expression
this,,この,,,adjective
I,,私は,,,pronoun
do,,する,,,verb
as,,～のように,,,conjunction
at,,～で,,,expression
she,,彼女,,,pronoun
but,,でも,,,conjunction
from,,～から,,,expression
by,,の近くに,,,expression
will,,～だろう,,,verb
or,,～か,,,conjunction
say,,言う,,,verb
go,,行く,,,verb
so,,とても,,,adverb
all,,全て,,,expression
if,,もし,,,conjunction
one,,1、ひとり、ひとつ,,,noun
would,,～だろう,,,verb
about,,～について,,,expression
can,,～できる,,,verb
which,,どちらか,,,pronoun
there,,そこ,,,adverb
know,,知る,,,verb
more,,もっと,,,adverb
get,,得る,,,verb
who,,誰,,,pronoun
like,,好む,,,verb
when,,どこ,,,adverb
think,,思う,,,verb
make,,作る,,,verb
time,,時間,,,noun
see,,見る,,,verb
what,,なに,,,pronoun
up,,上がる,,,adverb
some,,いくらか,,,adjective
other,,他,,,adjective
out,,外へ,,,adverb
good,,良い,,,adjective
people,,人々,,,noun
year,,年,,,noun
take,,持っていく、取る,,,verb
no,,いいえ、ない,,,adverb
well,,上手く、上手に,,,adverb
because,,なぜならば,,,conjunction
very,,とても,,,adverb
just,,ただ～,,,adverb
come,,来る,,,verb
could,,できた,,,verb
work,,働く,,,verb
use,,使う,,,verb
than,,～より,,,conjunction
now,,今,,,adverb
then,,その時、それから,,,adverb
also,,～もまた,,,adverb
into,,～の中に,,,expression
only,,たった,,,adverb
look,,見る,,,verb
want,,欲しい,,,verb
give,,与える,,,verb
first,,最初,,,expression
new,,新しい,,,adjective
way,,方法,,,noun
find,,見つける,,,verb
over,,超える,,,expression
any,,何か,,,expression
after,,後で,,,expression
day,,日,,,noun
where,,どこ,,,adverb
thing,,物,,,noun
most,,もっとも,,,adverb
should,,～すべき,,,verb
need,,必要とする,,,verb
much,,たくさん,,,adverb
right,,正しい,,,adjective
how,,どのようにして,,,adverb
back,,背,,,noun
mean,,～するつもりだ,,,verb
even,,平らな、等しい,,,adverb
may,,かもしれない,,,verb
here,,ここ,,,adverb
many,,たくさん,,,expression
such,,そのような,,,adjective
last,,最後,,,expression
child,,子供,,,noun
tell,,話す,,,verb
really,,本当に,,,adverb
call,,呼ぶ,,,verb
before,,以前,,,expression
company,,会社,,,noun
through,,～の間,,,expression
down,,下へ,,,adverb
show,,見せる,,,verb
life,,生命,,,noun
man,,男性,,,noun
change,,変える,,,verb
place,,場所,,,noun
long,,長い,,,adjective
between,,～の間,,,expression
feel,,感じる,,,verb
too,,～もまた,,,adverb
still,,まだ,,,adverb
problem,,問題,,,noun
write,,書く,,,verb
same,,同じ,,,adjective
lot,,用地,,,noun
great,,巨大な、多量の,,,adjective
try,,試す,,,verb
leave,,去る,,,verb
number,,数字,,,noun
both,,両方とも,,,expression
own,,自身の,,,expression
part,,部品,,,noun
point,,主張,,,noun
little,,少し、小さい,,,adjective
help,,助ける,,,verb
ask,,求める,,,verb
meet,,会う,,,verb
start,,始める,,,verb
talk,,話す,,,verb
something,,何か,,,pronoun
put,,置く,,,verb
another,,もう一つ,,,expression
become,,なる,,,verb
interest,,興味,,,noun
country,,国,,,noun
old,,古い,,,adjective
each,,各々,,,adjective
school,,学校,,,noun
late,,遅れる,,,adjective
high,,高い,,,adjective
different,,違う,,,adjective
off,,離れて,,,adverb
next,,次,,,expression
end,,終わり,,,noun
live,,生きる,,,verb
why,,なぜ,,,adverb
while,,間,,,conjunction
world,,世界,,,noun
week,,週,,,noun
play,,遊ぶ,,,verb
might,,～かもしれない,,,verb
must,,～しなければならない,,,verb
home,,住まい,,,noun
never,,決して～しない,,,adverb
include,,含む,,,verb
course,,進路,,,noun
house,,家,,,noun
report,,報告,,,noun
group,,集団,,,noun
case,,事例,,,noun
woman,,女性,,,noun
around,,～の周りに,,,expression
book,,本,,,noun
family,,家族,,,noun
seem,,～のように思われる,,,verb
let,,させる,,,verb
again,,再び,,,adverb
kind,,親切,,,adjective
keep,,保つ,,,verb
hear,,聞く,,,verb
system,,システム,,,noun
every,,毎,,,expression
question,,質問する,,,verb
during,,間,,,expression
always,,いつも,,,adverb
big,,大きい,,,adjective
set,,設置する,,,verb
small,,小さい,,,adjective
study,,勉強する、研究する,,,verb
follow,,ついて行く,,,verb
begin,,始める,,,verb
important,,大切,,,adjective
since,,～なので、～だから,,,conjunction
run,,走る,,,verb
under,,下に,,,expression
turn,,回る,,,verb
few,,少し,,,expression
bring,,持っていく,,,verb
early,,早い,,,adjective
hand,,手,,,noun
state,,状態,,,noun
move,,動かす,,,verb
money,,金,,,noun
fact,,事実,,,noun
however,,しかし,,,adverb
area,,地域,,,noun
provide,,提供する,,,verb
name,,名前,,,noun
read,,読む,,,verb
friend,,友達,,,noun
month,,口,,,noun
large,,大きい,,,adjective
business,,ビジネス、商売,,,noun
without,,～なしに,,,expression
information,,情報,,,noun
open,,開いている,,,adjective
order,,命令,,,noun
government,,政府,,,noun
word,,語,,,noun
issue,,問題,,,noun
market,,市場,,,noun
pay,,はらう,,,verb
build,,建てる,,,verb
hold,,手に持つ,,,verb
service,,奉仕、勤務,,,noun
against,,反対に、逆らって,,,expression
believe,,信じる,,,verb
second,,秒,,,expression
though,,だが,,,conjunction
yes,,はい,,,interjection
love,,愛,,,noun
increase,,増える,,,verb
job,,仕事,,,noun
plan,,予定,,,noun
result,,結果,,,noun
away,,離れて・去って,,,adverb
example,,例,,,noun
happen,,起こる,,,verb
offer,,申し出る,,,verb
young,,若い,,,adjective
close,,閉める,,,verb
program,,プログラム,,,noun
lead,,導く,,,verb
buy,,買う,,,verb
understand,,理解する,,,verb
thank,,感謝する,,,verb
far,,遠い,,,adverb
today,,今日,,,noun
hour,,時間,,,noun
student,,生徒,,,noun
face,,顔,,,noun
hope,,望む,,,noun
idea,,アイデア,,,noun
cost,,費用,,,noun
less,,より少ない,,,adverb
room,,部屋,,,noun
until,,まで,,,conjunction
reason,,理由,,,noun
form,,形,,,noun
spend,,費やす,,,verb
head,,頭,,,noun
car,,車,,,noun
learn,,学ぶ,,,verb
level,,高さ,,,noun
person,,人,,,noun
experience,,経験,,,noun
once,,一度,,,adverb
member,,メンバー,,,noun
enough,,十分,,,adverb
bad,,悪い,,,adjective
city,,都市,,,noun
night,,夜,,,noun
able,,できる,,,adjective
support,,支える,,,verb
whether,,～かどうか,,,conjunction
line,,線,,,noun
present,,現在,,,adjective
side,,端,,,noun
quite,,かなり,,,adverb
although,,だけれども,,,conjunction
sure,,確信,,,adjective
term,,用語,,,noun
least,,最小,,,expression
age,,年齢,,,noun
low,,低い,,,adjective
speak,,話す,,,verb
within,,以内に,,,expression
process,,過程,,,noun
public,,公共,,,adjective
often,,しばしば,,,adverb
train,,電車,,,noun
possible,,可能性,,,adjective
actually,,実際,,,adverb
rather,,やや、割に,,,adverb
view,,見解,,,noun
together,,一緒に,,,adverb
consider,,よく考える,,,verb
price,,価格,,,noun
parent,,親,,,noun
hard,,固い,,,adjective
party,,政党,,,noun
local,,地方の,,,adjective
control,,操作する,,,verb
already,,すでに,,,adverb
concern,,心配する,,,noun
product,,製品、生産物,,,noun
lose,,失う,,,verb
story,,物語,,,noun
almost,,ほとんど,,,adverb
continue,,続ける,,,verb
stand,,立つ,,,verb
whole,,全体,,,adjective
yet,,まだ,,,adverb
rate,,速度、率,,,noun
care,,注意,,,noun
expect,,期待する,,,verb
effect,,効果,,,noun
sort,,一部,,,noun
ever,,今までに,,,adverb
anything,,何でも,,,pronoun
cause,,要因,,,noun
fall,,落ちる,,,verb
deal,,取引,,,verb
water,,水,,,noun
send,,送る,,,verb
allow,,許可する,,,verb
soon,,すぐに,,,adverb
watch,,見る,,,verb
base,,土台,,,noun
probably,,おそらく,,,adverb
suggest,,提案する,,,verb
past,,過去,,,expression
power,,力,,,noun
test,,テスト,,,noun
visit,,訪問する,,,verb
center,,中央,,,noun
grow,,育つ,,,verb
nothing,,無,,,pronoun
return,,戻る,,,verb
mother,,母,,,noun
walk,,歩く,,,verb
matter,,物質,,,noun
mind,,心,,,noun
value,,価値,,,noun
office,,事務所,,,noun
record,,記録,,,noun
stay,,とどまる,,,verb
force,,強いる,,,verb
stop,,止まる,,,verb
several,,数個の,,,adjective
light,,光、明かり,,,noun
develop,,発展させる,,,verb
remember,,思い出す,,,verb
bit,,少し,,,noun
share,,共有する,,,verb
real,,本当の,,,adjective
answer,,答え,,,noun
sit,,座る,,,verb
figure,,図,,,noun
letter,,文字,,,noun
decide,,決める,,,verb
language,,言語,,,noun
subject,,主題,,,noun
class,,クラス,,,noun
development,,開発,,,noun
town,,町,,,noun
half,,半分,,,expression
minute,,分,,,noun
food,,食べ物,,,noun
break,,壊す,,,verb
clear,,明らかに,,,adjective
future,,未来,,,noun
either,,どちらか,,,adjective
ago,,以前に,,,adverb
per,,～につき,,,expression
remain,,残る,,,verb
top,,最上部,,,noun
among,,～の間で,,,expression
win,,勝つ,,,verb
color,,色,,,noun
involve,,巻き込む,,,verb
reach,,届く,,,verb
social,,社会の,,,adjective
period,,期間,,,noun
across,,横切って,,,expression
note,,メモ,,,noun
history,,歴史,,,noun
create,,作る,,,verb
drive,,運転する,,,verb
along,,沿って,,,expression
type,,型,,,noun
sound,,音,,,noun
eye,,目,,,noun
music,,音楽,,,noun
game,,ゲーム、競技,,,noun
political,,政治の,,,adjective
free,,自由,,,adjective
receive,,受け取る,,,verb
moment,,瞬間,,,noun
sale,,販売,,,noun
policy,,政策,,,noun
further,,さらに,,,adverb
body,,体,,,noun
require,,必要とする,,,verb
wait,,待つ,,,verb
general,,一般的な,,,adjective
appear,,現れる,,,verb
toward,,向かって,,,expression
team,,チーム,,,noun
easy,,簡単な,,,adjective
individual,,個人の,,,adjective
full,,いっぱい,,,adjective
black,,黒い,,,adjective
sense,,感覚,,,noun
perhaps,,ひょっとして,,,adverb
add,,加える,,,verb
rule,,規則,,,noun
pass,,通る,,,verb
produce,,生産する,,,verb
sell,,売る,,,verb
short,,短い,,,adjective
agree,,賛成する,,,verb
law,,法律,,,noun
everything,,すべて,,,pronoun
research,,調査研究,,,noun
cover,,覆う,,,verb
paper,,紙,,,noun
position,,位置,,,noun
near,,近く,,,expression
human,,人,,,adjective
computer,,コンピューター,,,noun
situation,,状況,,,noun
staff,,スタッフ,,,noun
activity,,活動,,,noun
film,,フィルム,,,noun
morning,,朝,,,noun
war,,戦争,,,noun
account,,報告,,,noun
shop,,店,,,noun
major,,主要な,,,adjective
someone,,だれか,,,pronoun
above,,～の上,,,expression
design,,設計する,,,verb
event,,行事,,,noun
special,,特別,,,adjective
sometimes,,ときどき,,,adverb
condition,,状況,,,noun
carry,,運ぶ,,,verb
choose,,選ぶ,,,verb
father,,父親,,,noun
decision,,決断,,,noun
table,,テーブル,,,noun
certain,,確かな,,,adjective
forward,,前方の,,,adverb
main,,主要な,,,adjective
die,,死ぬ,,,verb
bear,,耐える、負う,,,verb
cut,,切る,,,verb
describe,,言い表す,,,verb
himself,,彼自身,,,pronoun
available,,利用できる,,,adjective
especially,,特に,,,adverb
strong,,強い,,,adjective
rise,,昇る,,,verb
girl,,少女,,,noun
maybe,,～かもしれない,,,adverb
community,,社会,,,noun
else,,他の,,,adjective
particular,,特定の,,,adjective
role,,役,,,noun
join,,合わせる,,,verb
difficult,,難しい,,,adjective
please,,どうか,,,adverb
detail,,詳細,,,noun
difference,,違い,,,noun
action,,行動,,,noun
health,,健康,,,noun
eat,,食べる,,,verb
step,,一歩歩む,,,verb
true,,本当の,,,adjective
phone,,電話,,,noun
themselves,,彼ら自身,,,pronoun
draw,,描く,,,verb
white,,白,,,adjective
date,,日付,,,noun
practice,,練習する,,,noun
model,,模型,,,noun
raise,,上げる,,,verb
customer,,顧客,,,noun
front,,前,,,noun
explain,,説明する,,,verb
door,,ドア,,,noun
outside,,外,,,noun
behind,,後ろに,,,expression
economic,,経済の,,,adjective
site,,現場,,,noun
approach,,近づく,,,noun
teacher,,教師,,,noun
land,,陸,,,noun
charge,,請求する,,,verb
finally,,最後に,,,adverb
sign,,しるし,,,noun
claim,,主張する,,,noun
relationship,,関係,,,noun
travel,,旅する,,,verb
enjoy,,楽しむ,,,verb
death,,死,,,noun
nice,,素晴らしい,,,adjective
amount,,量,,,noun
improve,,改善する,,,verb
picture,,写真、絵,,,noun
boy,,男の子,,,noun
regard,,顧慮する,,,verb
organization,,組織,,,noun
happy,,幸福な,,,adjective
couple,,一対,,,noun
act,,行動する,,,noun
range,,範囲、幅,,,noun
quality,,質、品質,,,noun
project,,企画,,,noun
round,,丸い,,,adjective
opportunity,,機会,,,noun
road,,道,,,noun
accord,,合意,,,noun
list,,リスト,,,noun
wish,,願う,,,verb
therefore,,従って、だから,,,adverb
wear,,着る,,,verb
fund,,資金,,,noun
rest,,休憩,,,noun
kid,,子供,,,noun
industry,,産業,,,noun
education,,教育,,,noun
measure,,測る,,,verb
kill,,殺す,,,verb
serve,,供給する、～を出す,,,verb
likely,,～しそうだ,,,adjective
certainly,,確実な,,,adverb
national,,国の,,,adjective
itself,,それなり,,,pronoun
teach,,教える,,,verb
field,,野原,,,noun
security,,警備,,,noun
air,,空気,,,noun
benefit,,利益、恩恵,,,noun
trade,,交換する,,,noun
risk,,リスク,,,noun
news,,ニュース,,,noun
standard,,基準,,,adjective
vote,,投票する,,,verb
percent,,㌫,,,noun
focus,,焦点,,,noun
stage,,段階,,,noun
space,,場所,,,noun
instead,,代わり,,,adverb
realize,,気づく,,,verb
usually,,たいてい,,,adverb
data,,データ,,,noun
single,,単独,,,adjective
address,,住所,,,noun
performance,,演技,,,noun
chance,,機会,,,noun
accept,,引き受ける,,,verb
society,,社会,,,noun
technology,,科学技術、テクノロジー,,,noun
mention,,言及する,,,verb
choice,,選択,,,noun
save,,救う,,,verb
common,,一般的な,,,adjective
culture,,文化,,,noun
total,,合計,,,adjective
demand,,需要,,,noun
material,,材料,,,noun
limit,,限度,,,noun
listen,,聞く,,,verb
due,,期限,,,adjective
wrong,,悪い、間違いの,,,adjective
foot,,足（くるぶしから下）,,,noun
effort,,努力,,,noun
attention,,注意,,,noun
upon,,～の上に,,,expression
check,,確認する,,,verb
complete,,完璧,,,adjective
lie,,横になる,,,verb
pick,,選ぶ,,,verb
reduce,,減らす,,,verb
personal,,個人的な,,,adjective
ground,,地面,,,noun
animal,,動物,,,noun
arrive,,到着する,,,verb
patient,,忍耐強い,,,adjective
current,,現在の,,,adjective
century,,世紀,,,noun
evidence,,証拠,,,noun
exist,,存在する,,,verb
similar,,似ている,,,adjective
fight,,戦う,,,verb
leader,,リーダー,,,noun
fine,,よい,,,adjective
street,,街路,,,noun
former,,前の,,,expression
contact,,接触,,,noun
particularly,,特に,,,adverb
wife,,妻,,,noun
sport,,スポーツ,,,noun
prepare,,用意する,,,verb
discuss,,議論する,,,verb
response,,応答,,,noun
voice,,声,,,noun
piece,,一切れ,,,noun
finish,,終り,,,verb
suppose,,想定する,,,verb
apply,,申し込む,,,verb
president,,大統領,,,noun
fire,,火,,,noun
compare,,比べる,,,verb
court,,裁判所,,,noun
police,,警察,,,noun
store,,店,,,noun
poor,,貧しい,,,adjective
knowledge,,知識,,,noun
laugh,,笑う,,,verb
arm,,腕,,,noun
heart,,心,,,noun
source,,源,,,noun
employee,,従業員,,,noun
manage,,管理する,,,verb
simply,,簡単に,,,adverb
bank,,堤防,,,noun
firm,,堅い,,,adjective
cell,,細胞,,,noun
article,,記事,,,noun
fast,,速い,,,adjective
attack,,攻撃する,,,noun
foreign,,異国（の）,,,adjective
surprise,,驚く,,,noun
feature,,特徴,,,noun
factor,,要因,,,noun
pretty,,かなりの、すてきな,,,adverb
recently,,最近,,,adverb
affect,,影響を与える,,,verb
drop,,落とす,,,verb
recent,,最近,,,adjective
relate,,関連付ける,,,verb
official,,職務上の,,,adjective
financial,,財政的な,,,adjective
miss,,外す、逃す,,,verb
art,,芸術,,,noun
campaign,,キャンペーン,,,noun
private,,私的な,,,adjective
pause,,一時停止,,,noun
everyone,,全員,,,pronoun
forget,,忘れる,,,verb
page,,ページ,,,noun
worry,,心配する,,,verb
summer,,夏,,,noun
drink,,飲む,,,verb
opinion,,意見,,,noun
park,,公園,,,noun
represent,,代表を務める,,,verb
key,,鍵,,,noun
inside,,内側,,,expression
manager,,経営者、管理者、部長,,,noun
international,,国際的な,,,adjective
contain,,含む,,,verb
notice,,気づく,,,noun
wonder,,驚くべきこと,,,noun
nature,,物質界,,,noun
structure,,構造,,,noun
section,,部分,,,noun
myself,,自分自身,,,pronoun
exactly,,まさに,,,adverb
plant,,植物,,,noun
paint,,ペンキ,,,noun
worker,,従業員,,,noun
press,,新聞、雑誌、報道機関,,,noun
whatever,,なんでも,,,pronoun
necessary,,必要,,,adjective
region,,地域,,,noun
growth,,成長,,,noun
evening,,夕べ,,,noun
influence,,影響,,,noun
respect,,尊敬,,,noun
various,,さまざまな,,,adjective
catch,,捕まえる,,,verb
thus,,そのように,,,adverb
skill,,技術,,,noun
attempt,,試みる,,,verb
son,,息子,,,noun
simple,,易しい、単純な,,,adjective
medium,,中くらい,,,noun
average,,平均,,,noun
stock,,在庫,,,noun
management,,経営者,,,noun
character,,性格,,,noun
bed,,ベッド,,,noun
hit,,打つ,,,verb
establish,,設立する,,,verb
indeed,,実に、まさに,,,adverb
final,,最終,,,adjective
economy,,経済,,,noun
fit,,適切である,,,adjective
guy,,男,,,noun
function,,機能,,,noun
yesterday,,昨日,,,noun
image,,絵、像,,,noun
size,,サイズ、寸法,,,noun
behavior,,態度、行動,,,noun
addition,,追加物,,,noun
determine,,決定する,,,verb
station,,駅,,,noun
population,,人口,,,noun
fail,,失敗する,,,verb
environment,,環境,,,noun
production,,生産,,,noun
contract,,契約,,,noun
player,,プレーヤー,,,noun
comment,,コメントする,,,verb
enter,,入る,,,verb
occur,,起こる,,,verb
alone,,単独,,,adjective
significant,,著しい,,,adjective
drug,,薬,,,noun
wall,,壁,,,noun
series,,一続き、連続の,,,noun
direct,,向かわせる,,,adjective
success,,成功,,,noun
tomorrow,,明日,,,noun
director,,監督,,,noun
clearly,,はっきりと,,,adverb
lack,,欠けている,,,verb
review,,精査,,,noun
depend,,頼る,,,verb
race,,人種,,,noun
recognize,,認識する,,,verb
window,,窓,,,noun
purpose,,目的,,,noun
department,,部門,,,noun
gain,,得る,,,verb
tree,,木,,,noun
college,,大学,,,noun
argue,,主張する,,,verb
board,,板,,,noun
holiday,,休日,,,noun
mark,,印をつける,,,verb
church,,教会,,,noun
machine,,機械,,,noun
achieve,,達成する,,,verb
item,,品物,,,noun
prove,,証明する,,,verb
cent,,セント,,,noun
season,,季節,,,noun
floor,,床,,,noun
stuff,,材料,,,noun
wide,,広い,,,adjective
anyone,,だれか,,,pronoun
method,,方法,,,noun
analysis,,分析,,,noun
election,,選挙,,,noun
military,,軍の,,,adjective
hotel,,ホテル,,,noun
club,,クラブ,,,noun
below,,下に,,,expression
movie,,映画,,,noun
doctor,,医師,,,noun
discussion,,議論,,,noun
sorry,,気の毒に思う,,,adjective
challenge,,異議を申し立てる,,,verb
nation,,国家,,,noun
nearly,,ほとんど,,,adverb
statement,,声明,,,noun
link,,結びつける,,,noun
despite,,にもかかわらず,,,expression
introduce,,紹介する,,,verb
advantage,,利点,,,noun
ready,,準備ができている,,,adjective
marry,,結婚する,,,verb
strike,,打つ,,,verb
mile,,マイル,,,noun
seek,,探し求める,,,verb
ability,,能力,,,noun
unit,,単位,,,noun
card,,カード,,,noun
hospital,,病院,,,noun
quickly,,速く,,,adverb
interview,,面接,,,noun
agreement,,合意,,,noun
release,,釈放する,,,verb
tax,,税金,,,noun
solution,,解決策,,,noun
capital,,首都,,,noun
popular,,人気がある,,,adjective
specific,,独特な、特に,,,adjective
beautiful,,美しい,,,adjective
fear,,恐れ,,,noun
aim,,狙う,,,noun
television,,テレビ,,,noun
serious,,深刻な,,,adjective
target,,目的,,,noun
degree,,度,,,noun
pull,,引く,,,verb
red,,赤,,,adjective
husband,,夫,,,noun
access,,アクセス,,,noun
movement,,動き,,,noun
treat,,扱う,,,verb
identify,,識別する,,,verb
loss,,失うこと,,,noun
shall,,～となるだろう,,,verb
modern,,現代的な,,,adjective
pressure,,圧力,,,noun
bus,,バス,,,noun
treatment,,治療,,,noun
yourself,,あなた自身,,,pronoun
supply,,供給,,,noun
village,,村,,,noun
worth,,価値,,,noun
natural,,自然,,,adjective
express,,表現する、伝える,,,verb
indicate,,指し示す,,,verb
attend,,出席する,,,verb
brother,,兄弟,,,noun
investment,,投資,,,noun
score,,スコア,,,noun
organize,,まとめる,,,verb
trip,,旅,,,noun
beyond,,～を越えて,,,expression
sleep,,寝る,,,verb
fish,,魚,,,noun
promise,,約束,,,noun
potential,,潜在能力,,,adjective
energy,,エネルギー,,,noun
trouble,,困難,,,noun
relation,,関係,,,noun
touch,,触る,,,verb
file,,ファイル,,,noun
middle,,中間,,,noun
bar,,酒場,,,noun
suffer,,苦しむ,,,verb
strategy,,戦略,,,noun
deep,,深い,,,adjective
except,,～以外,,,conjunction
clean,,綺麗にする、きれいな,,,adjective
tend,,傾向がある,,,verb
advance,,進む,,,noun
fill,,満たす,,,verb
star,,星,,,noun
network,,ネットワーク,,,noun
generally,,一般的に,,,adverb
operation,,手術,,,noun
match,,匹敵する,,,noun
avoid,,避ける,,,verb
seat,,席,,,noun
throw,,投げる,,,verb
task,,仕事,,,noun
normal,,普通,,,adjective
goal,,目標,,,noun
associate,,関連付ける、連想する,,,verb
blue,,青,,,adjective
positive,,前向きな,,,adjective
option,,選択,,,noun
box,,箱,,,noun
huge,,とてつもなく大きい,,,adjective
message,,"メッセージ,伝言",,,noun
instance,,事例,,,noun
style,,型,,,noun
refer,,言及する,,,verb
cold,,冷たい,,,adjective
push,,押す,,,verb
quarter,,４分の１,,,noun
assume,,負う,,,verb
baby,,赤ん坊,,,noun
successful,,成功した,,,adjective
sing,,歌う,,,verb
doubt,,疑う,,,verb
competition,,競争,,,noun
theory,,理論,,,noun
propose,,提案する,,,verb
reference,,言及する,,,noun
argument,,口論,,,noun
adult,,大人,,,noun
fly,,飛ぶ,,,verb
document,,文書,,,noun
pattern,,パターン,,,noun
application,,応募書,,,noun
hot,,熱い,,,adjective
obviously,,明らかに,,,adverb
unclear,,明確でない,,,adjective
bill,,請求書,,,noun
search,,探す,,,verb
separate,,分かれた,,,adjective
central,,真ん中の,,,adjective
career,,キャリア,,,noun
anyway,,とにかく,,,adverb
speech,,スピーチ,,,noun
dog,,犬,,,noun
officer,,会社員,,,noun
throughout,,～にわたって、～を通じて,,,expression
oil,,"オイル,油",,,noun
dress,,ドレス,,,noun
profit,,利益,,,noun
guess,,推測する,,,verb
fun,,楽しい,,,adjective
protect,,守る,,,verb
resource,,資源,,,noun
science,,科学,,,noun
disease,,病気,,,noun
balance,,バランス,,,noun
damage,,損傷,,,noun
basis,,基礎,,,noun
author,,著者,,,noun
basic,,基本的な,,,adjective
encourage,,勇気づける,,,verb
hair,,毛髪、毛,,,noun
male,,男性,,,adjective
operate,,動作する,,,verb
reflect,,反射する,,,verb
exercise,,運動,,,noun
useful,,便利,,,adjective
restaurant,,レストラン,,,noun
income,,収入,,,noun
property,,所有物,,,noun
previous,,前の,,,adjective
dark,,暗い,,,adjective
imagine,,想像する,,,verb
okay,,ＯＫ、いいよ,,,adverb
earn,,稼ぐ,,,verb
daughter,,娘,,,noun
post,,郵便物,,,noun
newspaper,,新聞,,,noun
define,,定義する,,,verb
conclusion,,結論,,,noun
clock,,時計,,,noun
everybody,,全員,,,pronoun
weekend,,週末,,,noun
perform,,演じる,,,verb
professional,,専門の,,,adjective
mine,,私のもの,,,pronoun
debate,,討論,,,noun
memory,,記憶,,,noun
green,,緑,,,adjective
song,,歌,,,noun
object,,物体,,,noun
maintain,,維持する,,,verb
credit,,信用,,,noun
ring,,指輪,,,noun
discover,,発見する,,,verb
dead,,死んでいる,,,adjective
afternoon,,午後,,,noun
prefer,,～をより好む,,,verb
extend,,伸ばす,,,verb
possibility,,可能性,,,noun
direction,,方向,,,noun
facility,,施設,,,noun
variety,,多様な,,,noun
daily,,日誌,,,adjective
clothes,,衣服,,,noun
screen,,画面,,,noun
track,,(人・車などの）通った跡,,,noun
dance,,踊る,,,verb
completely,,完全に,,,adverb
female,,女性,,,adjective
responsibility,,責任,,,noun
original,,オリジナル,,,adjective
sister,,姉妹,,,noun
rock,,揺れ動く,,,noun
dream,,夢,,,noun
nor,,AもBも～でない,,,conjunction
university,,大学,,,noun
easily,,簡単に,,,adverb
agency,,代理店,,,noun
dollar,,ドル,,,noun
garden,,庭,,,noun
fix,,修理する,,,verb
ahead,,前,,,adverb
cross,,交差する,,,verb
yeah,,ああ,,,interjection
weight,,重さ,,,noun
legal,,法律上の、法的な,,,adjective
proposal,,提案,,,noun
version,,版,,,noun
conversation,,会話,,,noun
somebody,,誰か,,,pronoun
pound,,ポンド,,,noun
magazine,,雑誌,,,noun
shape,,形,,,noun
sea,,海,,,noun
immediately,,ただちに,,,adverb
welcome,,ようこそ,,,interjection
smile,,笑顔,,,noun
communication,,コミュニケーション,,,noun
agent,,代理人,,,noun
traditional,,伝統的な,,,adjective
replace,,取って代わる,,,verb
judge,,審判,,,noun
herself,,彼女自身,,,pronoun
suddenly,,突然,,,adverb
generation,,世代,,,noun
estimate,,予算,,,noun
favorite,,お気に入りの,,,adjective
difficulty,,困難,,,noun
purchase,,購入する,,,verb
shoot,,撃つ,,,verb
announce,,発表する,,,verb
unless,,～でない限り,,,conjunction
independent,,独立,,,adjective
recommend,,薦める,,,verb
survey,,調査,,,noun
majority,,大多数,,,noun
stick,,棒,,,noun
request,,要請,,,noun
rich,,金持ち,,,adjective
wind,,風,,,noun
none,,誰も・何も～ない,,,pronoun
exchange,,交換,,,noun
budget,,予算,,,noun
famous,,有名,,,adjective
blood,,血液,,,noun
appropriate,,適切な,,,adjective
block,,ブロック,,,noun
warm,,暖かい,,,adjective
count,,数える,,,verb
scene,,場面,,,noun
writer,,作家,,,noun
content,,内容,,,noun
prevent,,防ぐ,,,verb
safe,,安全な,,,adjective
invite,,誘う,,,verb
mix,,混ぜる,,,verb
element,,要素,,,noun
effective,,効果的な,,,adjective
correct,,正しい,,,adjective
medical,,医療の,,,adjective
admit,,認める,,,verb
beat,,打つ,,,verb
telephone,,電話,,,noun
copy,,うり二つ,,,noun
committee,,委員会,,,noun
aware,,気づく,,,adjective
advice,,アドバイス、助言,,,noun
handle,,ハンドル,,,noun
glass,,ガラス,,,noun
trial,,裁判,,,noun
stress,,ストレス,,,noun
radio,,ラジオ、無線,,,noun
administration,,経営管理,,,noun
complex,,複雑な,,,adjective
text,,本文,,,noun
context,,事情,,,noun
ride,,乗る,,,verb
directly,,直接,,,adverb
heavy,,重い,,,adjective
remove,,取り除く,,,verb
conduct,,導く,,,verb
equipment,,設備,,,noun
otherwise,,さもなければ,,,adverb
title,,題名,,,noun
extra,,余計な,,,adjective
executive,,幹部,,,noun
chair,,いす,,,noun
expensive,,高い,,,adjective
sample,,見本,,,noun
sex,,性別,,,noun
deliver,,届ける,,,verb
video,,ビデオ,,,noun
connection,,接続,,,noun
primary,,主要な,,,adjective
weather,,天気,,,noun
collect,,集める,,,verb
inform,,知らせる,,,verb
principle,,原理、原則,,,noun
straight,,真っすぐな,,,adverb
appeal,,訴え、要請,,,noun
highly,,非常に、高く,,,adverb
trust,,信頼,,,noun
wonderful,,素晴らしい,,,adjective
flat,,平らな,,,adjective
absolutely,,全く,,,adverb
flow,,流れる,,,verb
fair,,公平,,,adjective
additional,,追加の,,,adjective
responsible,,責任のある,,,adjective
farm,,農場,,,noun
collection,,収集,,,noun
hang,,吊るす,,,verb
negative,,否定的な,,,adjective
band,,バンド,,,noun
relative,,関係性のある,,,adjective
tour,,旅行,,,noun
alternative,,選択肢,,,adjective
software,,ソフトウェア,,,noun
pair,,一組、一対,,,noun
ship,,船,,,noun
attitude,,態度,,,noun
cheap,,安い,,,adjective
double,,二重の,,,adjective
leg,,脚,,,noun
observe,,観察する,,,verb
sentence,,文,,,noun
print,,印刷する,,,verb
progress,,前進,,,noun
truth,,真実,,,noun
nobody,,だれも～ない,,,pronoun
examine,,調べる,,,verb
lay,,敷く、置く,,,verb
speed,,速度,,,noun
politics,,政治,,,noun
reply,,返事をする,,,verb
display,,展示する,,,verb
transfer,,移動する,,,verb
perfect,,完璧,,,adjective
slightly,,わずかに,,,adverb
overall,,全体の,,,adjective
intend,,～するつもりだ,,,verb
user,,使用者,,,noun
respond,,返事をする,,,verb
dinner,,夕食,,,noun
slow,,遅い,,,adjective
regular,,定期的な,,,adjective
physical,,身体の,,,adjective
apart,,離れた,,,adverb
suit,,スーツ,,,noun
federal,,連邦の,,,adjective
reveal,,明かす,,,verb
percentage,,割合,,,noun
peace,,平和,,,noun
status,,地位,,,noun
crime,,犯罪,,,noun
decline,,下降する,,,verb
decade,,１０年,,,noun
launch,,発射する、進水させる、発売する,,,verb
warn,,警告する,,,verb
consumer,,消費者,,,noun
favor,,恩恵、世話,,,noun
dry,,乾く,,,adjective
partner,,相棒,,,noun
institution,,機関,,,noun
spot,,場所,,,noun
horse,,馬,,,noun
eventually,,最終的に,,,adverb
heat,,熱,,,noun
excite,,興奮させる,,,verb
reader,,先導者,,,noun
importance,,重要性,,,noun
distance,,距離,,,noun
guide,,案内人,,,noun
grant,,許諾する、与える,,,verb
taxi,,タクシー,,,noun
feed,,食物を与える,,,verb
pain,,痛み,,,noun
sector,,課,,,noun
mistake,,誤り,,,noun
ensure,,確保する,,,verb
satisfy,,満足させる,,,verb
chief,,長、主任,,,noun
cool,,冷たい、涼しい,,,adjective
expert,,専門家,,,noun
wave,,波,,,noun
south,,南,,,noun
labor,,労働,,,noun
surface,,表面,,,noun
library,,図書館,,,noun
excellent,,すばらしい,,,adjective
edge,,端,,,noun
camp,,キャンプ,,,noun
audience,,観衆,,,noun
lift,,持ち上げる,,,verb
procedure,,手続き,,,noun
email,,e-メール,,,verb
global,,グローバル,,,adjective
struggle,,奮闘する,,,verb
advertise,,宣伝する,,,verb
select,,選択する,,,verb
surround,,周り,,,verb
extent,,規模,,,noun
river,,川,,,noun
annual,,年に一度,,,adjective
fully,,完全に,,,adverb
contrast,,対比する,,,verb
roll,,転がる,,,verb
reality,,現実,,,noun
photograph,,写真,,,noun
artist,,芸術家,,,noun
conflict,,闘争,,,noun
entire,,全体の,,,adjective
presence,,存在,,,noun
crowd,,人混み,,,noun
corner,,角,,,noun
gas,,ガソリン,,,noun
shift,,移す,,,verb
net,,網,,,adjective
category,,分類,,,noun
secretary,,秘書,,,noun
defense,,防御,,,noun
quick,,早い,,,adjective
cook,,料理人,,,noun
spread,,広がる,,,verb
nuclear,,核,,,adjective
scale,,規模,,,noun
driver,,運転手,,,noun
ball,,ボール,,,noun
cry,,泣く,,,verb
introduction,,導入,,,noun
requirement,,要件,,,noun
north,,北,,,noun
confirm,,確認する,,,verb
senior,,上級の、年上の,,,adjective
photo,,写真,,,noun
refuse,,拒む,,,verb
transport,,運ぶ,,,verb
emerge,,出現する,,,verb
map,,地図,,,noun
concept,,概念・発想,,,noun
island,,島,,,noun
reform,,改革,,,noun
neither,,どちらも～ない,,,adverb
football,,サッカー,,,noun
survive,,生き残る,,,verb
flight,,飛行,,,noun
left,,左,,,adjective
solve,,解決する,,,verb
neighbor,,隣の,,,noun
background,,背景,,,noun
technique,,技術,,,noun
traffic,,交通,,,noun
improvement,,改善,,,noun
tool,,道具,,,noun
consequence,,結果,,,noun
circumstance,,取り巻く環境,,,noun
smoke,,煙,,,noun
reaction,,反応,,,noun
rain,,雨,,,noun
busy,,忙しい,,,adjective
lesson,,授業,,,noun
brain,,脳,,,noun
mass,,巨大,,,noun
funny,,おかしい,,,adjective
contribute,,貢献する,,,verb
failure,,失敗,,,noun
schedule,,日程,,,noun
speaker,,スピーカー,,,noun
bottom,,底,,,noun
adopt,,採用する,,,verb
combine,,組み合わせる,,,verb
mountain,,山,,,noun
waste,,無駄にする,,,verb
hide,,隠れる,,,verb
marriage,,結婚,,,noun
ticket,,チケット,,,noun
meal,,ご飯,,,noun
colleague,,同僚,,,noun
bag,,バッグ,,,noun
repeat,,繰り返す,,,verb
equal,,等しい,,,adjective
expression,,表現,,,noun
plus,,プラス,,,expression
extremely,,極めて,,,adverb
owner,,持ち主,,,noun
plane,,飛行機,,,noun
commercial,,商業の,,,adjective
lady,,女性,,,noun
duty,,業務,,,noun
strength,,体力,,,noun
connect,,つなぐ,,,verb
cultural,,文化の,,,adjective
arrange,,並べる,,,verb
scheme,,計画,,,noun
payment,,支払い,,,noun
unfortunately,,残念ながら,,,adverb
brief,,短時間の,,,adjective
bird,,鳥,,,noun
demonstrate,,実演する,,,verb
contribution,,貢献,,,noun
appreciate,,感謝する,,,verb
chapter,,章,,,noun
secret,,秘密な,,,adjective
apparently,,～そうだ、～らしい,,,adverb
novel,,小説,,,noun
union,,組合,,,noun
burn,,燃える,,,verb
trend,,傾向、動向,,,noun
initial,,最初の,,,adjective
pleasure,,喜び,,,noun
suggestion,,提案,,,noun
critical,,批判的な,,,adjective
gather,,集合,,,verb
mostly,,たいていは,,,adverb
earth,,地球,,,noun
pop,,ポンと音を立てる、破裂させる,,,verb
essential,,不可欠な,,,adjective
desire,,望む,,,verb
promote,,昇進させる,,,verb
currently,,現在,,,adverb
employ,,雇う,,,verb
path,,小道,,,noun
topic,,題,,,noun
beach,,海辺,,,noun
attract,,ひきつける,,,verb
engage,,関心を引き付ける,,,verb
powerful,,強力な,,,adjective
flower,,花,,,noun
crisis,,危機,,,noun
settle,,決着をつける,,,verb
boat,,ボート,,,noun
aid,,援助する,,,verb
fan,,扇風機,,,noun
kitchen,,台所,,,noun
twice,,2回,,,adverb
fresh,,新鮮な,,,adjective
delay,,遅れる,,,noun
safety,,安全,,,noun
engineer,,技術者,,,noun
quiet,,静か,,,adjective
insurance,,保険,,,noun
nurse,,看護師,,,noun
divide,,分ける,,,verb
length,,長さ,,,noun
investigation,,調査,,,noun
package,,パッケージ,,,noun
somewhere,,どこか,,,adverb
expand,,拡大する,,,verb
commit,,ささげる、専念する,,,verb
obvious,,明らかな,,,adjective
jump,,跳ぶ,,,verb
weapon,,武器,,,noun
relatively,,比較的に,,,adverb
host,,主催者、（客をもてなす）主人,,,noun
winter,,冬,,,noun
district,,区,,,noun
broad,,幅広い,,,adjective
tire,,疲れる,,,verb
spring,,春,,,noun
spirit,,魂,,,noun
lunch,,昼食,,,noun
actual,,現実の,,,adjective
pool,,水たまり,,,noun
battle,,戦い,,,noun
tradition,,伝統,,,noun
cash,,現金,,,noun
hardly,,ほとんど～ない,,,adverb
award,,賞,,,noun
coach,,コーチ,,,noun
experiment,,実験,,,noun
consideration,,考慮,,,noun
strange,,変な,,,adjective
code,,暗号,,,noun
possibly,,もしかしたら,,,adverb
threat,,脅かす人・もの,,,noun
accident,,事故,,,noun
impossible,,不可能,,,adjective
revenue,,収益,,,noun
enable,,～を可能にする,,,verb
afraid,,怖がる,,,adjective
active,,積極的,,,adjective
conclude,,終える,,,verb
religious,,宗教の,,,adjective
cancer,,癌,,,noun
convince,,納得させる,,,verb
vary,,変わる,,,verb
environmental,,環境の,,,adjective
sun,,太陽,,,noun
healthy,,健康な,,,adjective
blow,,吹く,,,verb
volume,,音量、巻,,,noun
location,,位置,,,noun
invest,,投資する,,,verb
proceed,,進める,,,verb
wash,,洗う,,,verb
actor,,俳優,,,noun
glad,,喜び,,,adjective
tape,,テープ,,,noun
whereas,,その一方で,,,conjunction
opposite,,反対,,,adjective
stone,,石,,,noun
sum,,合計,,,noun
murder,,殺人犯,,,noun
monitor,,監視する,,,verb
soldier,,軍人,,,noun
finance,,財務,,,noun
hate,,～をひどく嫌う,,,verb
egg,,卵,,,noun
concert,,コンサート,,,noun
shock,,衝撃,,,noun
comfortable,,心地よい,,,adjective
usual,,通常,,,adjective
carefully,,慎重に,,,adverb
pack,,詰める,,,verb
recall,,思い出す,,,verb
wine,,ワイン,,,noun
camera,,カメラ,,,noun
swim,,泳ぐ,,,verb
manufacture,,製造する,,,verb
theater,,劇場,,,noun
cycle,,循環,,,noun
coffee,,コーヒー,,,noun
totally,,完全に,,,adverb
museum,,美術館,,,noun
visitor,,訪問者,,,noun
freedom,,自由,,,noun
construction,,建設,,,noun
dear,,親愛なる,,,adjective
objective,,客観的,,,noun
moreover,,そのうえに,,,adverb
onto,,～の上に,,,expression
historical,,歴史的な,,,adjective
oppose,,反対する,,,verb
branch,,枝,,,noun
vehicle,,乗り物,,,noun
scientist,,科学者,,,noun
route,,道,,,noun
bind,,縛る,,,verb
belong,,所属する,,,verb
taste,,味,,,noun
tonight,,今夜,,,noun
fashion,,流行,,,noun
danger,,危険,,,noun
bomb,,爆弾,,,noun
army,,陸軍,,,noun
dangerous,,危険,,,adjective
decrease,,減少,,,verb
hurt,,傷つける,,,verb
council,,評議会,,,noun
editor,,編集者,,,noun
normally,,通常,,,adverb
sight,,視力,,,noun
generate,,生成する,,,verb
gift,,贈り物,,,noun
delivery,,宅配,,,noun
deny,,否定する,,,verb
guest,,ゲスト,,,noun
anybody,,だれか,,,pronoun
bedroom,,寝室,,,noun
quote,,引用する,,,verb
climb,,登る,,,verb
basically,,基本的に,,,adverb
violence,,暴力,,,noun
minister,,大臣,,,noun
mainly,,投票者、有権者,,,adverb
mouth,,口,,,noun
noise,,騒音,,,noun
manner,,方法,,,noun
gun,,ピストル、鉄砲,,,noun
square,,四角形,,,noun
occasion,,機会,,,noun
familiar,,親しい,,,adjective
ignore,,無視する,,,verb
destroy,,破壊する,,,verb
affair,,業務,,,noun
civil,,市民の,,,adjective
locate,,（場所を）見つける,,,verb
citizen,,市民,,,noun
temperature,,温度,,,noun
gold,,金,,,noun
domestic,,家庭の、国内の,,,adjective
load,,積載貨物,,,noun
belief,,信念,,,noun
troop,,一団、軍隊,,,noun
technical,,技術の,,,adjective
remind,,思い出させる,,,verb
arrangement,,合意、取り決め,,,noun
skin,,肌,,,noun
prison,,牢獄,,,noun
switch,,切り替える,,,verb
acquire,,得る,,,verb
corporate,,法人の,,,adjective
fairly,,かなり,,,adverb
wood,,木,,,noun
participate,,参加する,,,verb
tough,,とても難しい,,,adjective
tear,,涙,,,noun
representative,,代表,,,noun
capacity,,許容量,,,noun
border,,国境,,,noun
shake,,振る,,,verb
assessment,,査定、評価,,,noun
shoe,,くつ,,,noun
ought,,～すべき,,,verb
ad,,広告,,,adverb
fee,,謝礼金,,,noun
hall,,ホール,,,noun
regulation,,規制,,,noun
escape,,逃げる,,,verb
studio,,スタジオ,,,noun
proper,,適切な,,,adjective
relax,,くつろぐ,,,verb
tourist,,旅行者,,,noun
component,,構成要素、部品,,,noun
afford,,買うことができる,,,verb
lawyer,,弁護士,,,noun
suspect,,疑う,,,verb
cup,,カップ,,,noun
description,,描写,,,noun
confidence,,自信,,,noun
industrial,,産業の,,,adjective
complain,,不平を言う,,,verb
perspective,,観点,,,noun
error,,誤り、エラー,,,noun
arrest,,逮捕する,,,noun
assess,,評価する,,,verb
register,,登録簿,,,noun
asset,,貴重な人材、資産,,,noun
signal,,信号,,,noun
finger,,指,,,noun
relevant,,関係のある,,,adjective
explore,,探る,,,verb
leadership,,指導権,,,noun
commitment,,約束、義務,,,noun
wake,,起こす,,,verb
necessarily,,必ずしも,,,adverb
bright,,輝く,,,adjective
frame,,骨組み、体格,,,noun
slowly,,ゆっくりと,,,adverb
bond,,絆,,,noun
hire,,雇う,,,verb
hole,,穴,,,noun
tie,,つなげる,,,verb
internal,,内部の,,,adjective
chain,,鎖,,,noun
literature,,文学,,,noun
victim,,犠牲者,,,noun
threaten,,脅かす,,,verb
division,,分割,,,noun
secure,,確保する,,,verb
amaze,,驚かす,,,verb
device,,装置,,,noun
birth,,誕生,,,noun
forest,,森,,,noun
label,,ラベル,,,noun
root,,根,,,noun
factory,,工場,,,noun
expense,,費用,,,noun
channel,,チャンネル,,,noun
investigate,,調査する,,,verb
recommendation,,推薦,,,noun
rank,,階級、地位,,,noun
typical,,典型的な,,,adjective
west,,西,,,noun
friendly,,友好的,,,adjective
resident,,居住者,,,adjective
provision,,規定,,,noun
concentrate,,集中する,,,verb
plenty,,たくさんの,,,adjective
export,,輸出する,,,verb
entirely,,完全に,,,adverb
strongly,,強く,,,adverb
bridge,,橋,,,noun
consist,,成る,,,verb
graduate,,卒業する,,,noun
brand,,商標,,,noun
moral,,道義をわきまえた,,,adjective
insist,,主張する,,,verb
combination,,組み合わせ,,,noun
abuse,,乱用する,,,noun
ice,,氷,,,noun
principal,,長,,,adjective
master,,管理人,,,noun
definitely,,間違いなく,,,adverb
session,,期間,,,noun
grade,,成績,,,noun
nevertheless,,それにもかかわらず,,,adverb
predict,,予想する,,,verb
previously,,以前に,,,adverb
protection,,保護,,,noun
largely,,だいたいは,,,adverb
wed,,結婚する,,,verb
rent,,賃借りする,,,verb
shot,,打つ,,,noun
appearance,,外見,,,noun
reasonable,,程よい,,,adjective
guarantee,,保障する,,,noun
till,,まで,,,expression
theme,,テーマ,,,noun
judgment,,判決,,,noun
odd,,変な,,,adjective
approve,,承認する,,,verb
loan,,ローン,,,noun
definition,,定義,,,noun
elect,,選ぶ,,,verb
atmosphere,,雰囲気,,,noun
farmer,,農夫,,,noun
comparison,,比較,,,noun
characteristic,,特徴,,,noun
license,,免許,,,noun
rely,,頼る,,,verb
narrow,,狭い,,,adjective
succeed,,成功する,,,verb
identity,,身元、独自性,,,noun
desk,,机,,,noun
permit,,許可する,,,verb
seriously,,深刻に,,,adverb
wild,,野生の,,,adjective
empty,,空の,,,adjective
commission,,任務,,,noun
unique,,ユニークな、独特な,,,adjective
association,,協会、組合,,,noun
instrument,,器具、楽器,,,noun
investor,,投資家,,,noun
practical,,実際の,,,adjective
tea,,茶,,,noun
lovely,,美しい・素晴らしい,,,adjective
soft,,柔らかい,,,adjective
row,,列,,,noun
youth,,青年時代、若いころ,,,noun
lock,,錠前,,,noun
fuel,,燃料,,,noun
expectation,,期待,,,noun
employment,,雇用,,,noun
celebrate,,祝う,,,verb
sexual,,性的な,,,adjective
shoulder,,肩,,,noun
breath,,息,,,noun
increasingly,,ますます,,,adverb
import,,輸入する,,,verb
bottle,,ボトル,,,noun
ourselves,,私たち自身,,,pronoun
sheet,,シーツ,,,noun
engine,,エンジン,,,noun
cast,,配役する,,,verb
notion,,考え,,,noun
conservative,,保守的な,,,adjective
journey,,旅,,,noun
opposition,,反対,,,noun
relief,,安堵,,,noun
debt,,借金,,,noun
honor,,名誉,,,noun
outcome,,結果,,,noun
blame,,責める,,,verb
explanation,,説明,,,noun
arise,,発生する,,,verb
musical,,音楽の、音楽の才能がある,,,adjective
recover,,回復する,,,verb
dad,,パパ,,,noun
stretch,,伸ばす,,,verb
declare,,宣言する,,,verb
retire,,退職する、引退する,,,verb
tiny,,とても小さい,,,adjective
careful,,気を付ける,,,adjective
suitable,,ふさわしい,,,adjective
native,,母国,,,adjective
fruit,,くだもの,,,noun
analyze,,分析する,,,verb
witness,,証人,,,noun
mail,,郵便,,,noun
terrible,,ひどい,,,adjective
researcher,,研究者,,,noun
ordinary,,通常の,,,adjective
selection,,選択,,,noun
anywhere,,どこでも、どこにも,,,adverb
mental,,精神,,,adjective
participant,,参加者,,,noun
vision,,視覚,,,noun
personality,,人柄,,,noun
specifically,,具体的に,,,adverb
fat,,太い,,,adjective
entry,,入場,,,noun
fellow,,仲間,,,noun
chemical,,化学的な,,,adjective
capture,,捕らえる,,,verb
tip,,先端,,,noun
discount,,値引き,,,noun
peak,,頂点,,,noun
chairman,,議長,,,noun
proportion,,割合,,,noun
ear,,耳,,,noun
disappear,,消える,,,verb
shout,,叫ぶ,,,verb
yard,,庭,,,noun
constant,,一定の,,,adjective
significantly,,著しく、かなり,,,adverb
hill,,丘,,,noun
considerable,,かなりの,,,adjective
instruction,,指示,,,noun
intelligence,,知能,,,noun
ideal,,理想,,,adjective
folk,,人々,,,noun
surely,,まさか,,,adverb
guard,,護衛する,,,noun
cat,,猫,,,noun
somewhat,,いくらか、やや,,,adverb
kiss,,キス,,,verb
presentation,,プレゼンテーション,,,noun
joint,,関節,,,noun
compete,,競争する,,,verb
poll,,世論調査,,,noun
weak,,弱い,,,adjective
faith,,信仰、信条,,,noun
reduction,,縮小,,,noun
reserve,,予約する,,,verb
complaint,,不平,,,noun
bore,,退屈させる,,,verb
mission,,任務,,,noun
somehow,,なんとなく,,,adverb
tone,,音質,,,noun
neighborhood,,隣人,,,noun
passenger,,乗客,,,noun
justice,,裁判、裁き,,,noun
phase,,段階,,,noun
thin,,薄い,,,adjective
rush,,急ぐ,,,verb
formal,,形式的な,,,adjective
religion,,宗教,,,noun
employer,,雇用者,,,noun
reject,,断る,,,verb
latter,,後ろのほうの,,,expression
plate,,皿,,,noun
ban,,禁止する,,,verb
steal,,盗む,,,verb
protest,,抗議,,,noun
index,,索引,,,noun
sad,,悲しい,,,adjective
frequently,,頻繁に,,,adverb
circle,,丸い,,,noun
helpful,,役立つ,,,adjective
command,,命令する,,,verb
attractive,,魅力的な,,,adjective
sick,,病気,,,adjective
impression,,印象,,,noun
unable,,できない,,,adjective
joke,,冗談,,,noun
sky,,空,,,noun
column,,欄,,,noun
electronic,,電子の,,,adjective
impose,,課す,,,verb
criminal,,犯罪者、犯罪の,,,adjective
besides,,～以外に、加えて、,,,adverb
properly,,適切に,,,adverb
ancient,,古代な,,,adjective
coast,,海岸,,,noun
ill,,病気,,,adjective
kick,,蹴る,,,verb
closely,,じっくりと、注意深く,,,adverb
multiple,,複合的な,,,adjective
yield,,産出する,,,verb
via,,経由で,,,expression
legislation,,法律,,,noun
county,,州,,,noun
unlike,,～とは違って,,,expression
mobile,,可動の,,,adjective
assistant,,助手、補佐,,,noun
implement,,実施する,,,verb
chart,,チャート,,,noun
attach,,付随する,,,verb
hell,,地獄,,,noun
everywhere,,どこでも,,,adverb
advise,,アドバイスする,,,verb
household,,世帯,,,noun
acknowledge,,認める,,,verb
reward,,報酬,,,noun
east,,東,,,noun
hat,,帽子,,,noun
academic,,学問的な,,,adjective
voter,,有権者,,,noun
meanwhile,,その間に,,,adverb
furthermore,,さらに,,,adverb
accuse,,責める,,,verb
scientific,,科学の,,,adjective
wage,,賃金,,,noun
absence,,欠如,,,noun
construct,,建築する,,,verb
remark,,発言,,,noun
medicine,,薬,,,noun
professor,,教授,,,noun
rare,,珍しい、まれな,,,adjective
intention,,意図,,,noun
dozen,,ダース,,,noun
settlement,,和解,,,noun
gap,,差,,,noun
widely,,広く,,,adverb
minimum,,最小限,,,adjective
northern,,北の,,,adjective
estate,,私有地,,,noun
equally,,等しく,,,adverb
expose,,さらす,,,verb
alive,,生きている,,,adjective
shut,,閉める,,,verb
victory,,勝利,,,noun
resolve,,解決する,,,verb
critic,,批評家,,,noun
variable,,変わりやすい,,,adjective
enormous,,巨大な,,,adjective
sweet,,甘い,,,adjective
permanent,,永久的な,,,adjective
emotion,,感情,,,noun
pursue,,追求する,,,verb
tall,,高い,,,adjective
urge,,駆り立てる,,,verb
enemy,,敵,,,noun
appoint,,任命する,,,verb
milk,,"牛乳,ミルク",,,noun
talent,,才能,,,noun
smell,,におい,,,noun
prior,,前の,,,adjective
priority,,優先,,,noun
online,,オンライン,,,adjective
phrase,,フレーズ,,,noun
pilot,,パイロット,,,noun
stable,,安定した,,,adjective
merely,,～にすぎない,,,adverb
resolution,,決議,,,noun
communicate,,やりとりする,,,verb
injury,,けが,,,noun
vast,,広大,,,adjective
exhibition,,展示会,,,noun
producer,,生産者,,,noun
regional,,地域の,,,adjective
immediate,,即時の,,,adjective
incident,,事件,,,noun
childhood,,子どもの頃,,,noun
draft,,原稿、原案、下絵,,,noun
slip,,滑り落ちる,,,verb
accompany,,同行する,,,verb
politician,,政治家,,,noun
angry,,怒る,,,adjective
knock,,ノックする,,,verb
seed,,種,,,noun
salary,,給料,,,noun
illustrate,,解説する,,,verb
imply,,暗示する,,,verb
breakfast,,朝食,,,noun
temporary,,一時的な,,,adjective
liberal,,自由主義の、リベラルな,,,adjective
lake,,湖,,,noun
qualify,,資格を与える,,,verb
competitive,,競争心の強い,,,adjective
truly,,本当に,,,adverb
hi,,こんちゃ,,,interjection
yellow,,黄色,,,adjective
habit,,癖、習慣,,,noun
disk,,ディスク,,,noun
core,,核,,,noun
emotional,,感情的な,,,adjective
aircraft,,飛行機,,,noun
self,,自身、自我,,,noun
metal,,金属,,,noun
existence,,存在,,,noun
bone,,骨,,,noun
panel,,パネル,,,noun
prime,,主要な,,,adjective
appointment,,予約,,,noun
emphasize,,強調する,,,verb
maximum,,最大限,,,adjective
effectively,,効率的な,,,adverb
elsewhere,,他の所で,,,adverb
bother,,悩ます,,,verb
initiative,,取り組み,,,noun
sharp,,鋭い,,,adjective
diet,,食事、ダイエット,,,noun
motion,,動き,,,noun
gray,,灰色,,,noun
plastic,,プラスチック,,,noun
complicate,,複雑にする,,,verb
discipline,,訓練、しつけ、折檻,,,noun
disappoint,,がっかりさせる,,,verb
boss,,社長,,,noun
assumption,,思い込み,,,noun
freeze,,凍る,,,verb
extreme,,極度の,,,adjective
passage,,通路,,,noun
reputation,,評判,,,noun
forth,,前へ,,,adverb
negotiation,,交渉,,,noun
mechanism,,メカニズム,,,noun
coat,,コート,,,noun
democracy,,民主主義,,,noun
pocket,,ポケット,,,noun
lucky,,幸運な,,,adjective
crash,,衝突する,,,verb
observation,,観察,,,noun
meat,,肉,,,noun
concentration,,集中力,,,noun
implication,,暗示、影響,,,noun
deserve,,～にふさわしい,,,verb
unusual,,珍しい,,,adjective
defend,,防御する,,,verb
classic,,クラシック、古典,,,noun
king,,王様,,,noun
interaction,,交流,,,noun
repair,,修理する,,,verb
collapse,,倒壊する,,,verb
borrow,,借りる,,,verb
fundamental,,基本,,,adjective
dish,,皿,,,noun
abroad,,外国,,,adverb
soul,,魂,,,noun
capable,,～する能力がある,,,adjective
defeat,,負かす,,,noun
presidential,,大統領の,,,adjective
perfectly,,完全に,,,adverb
enhance,,向上させる,,,verb
proud,,誇りに思う,,,adjective
emergency,,緊急,,,noun
educational,,教育的な,,,adjective
distinguish,,見分ける,,,verb
substantial,,かなりの,,,adjective
nearby,,近くの,,,adjective
manufacturer,,製造業者,,,noun
slide,,滑る,,,verb
valuable,,価値のある,,,adjective
personally,,個人的に,,,adverb
breast,,乳房,,,noun
cope,,対処する,,,verb
approximately,,およそ,,,adverb
accommodation,,宿泊施設,,,noun
highlight,,ハイライト、ヤマ場,,,verb
reporter,,レポーター,,,noun
climate,,気候,,,noun
shirt,,シャツ,,,noun
exception,,例外,,,noun
corporation,,企業,,,noun
chip,,ポテトチップ、チップ,,,noun
winner,,勝者,,,noun
encounter,,出会う,,,verb
brown,,茶色,,,adjective
breathe,,息をする,,,verb
excuse,,許す,,,verb
partly,,部分的に,,,adverb
tennis,,テニス,,,noun
urban,,都会の,,,adjective
confuse,,混乱させる,,,verb
southern,,南の,,,adjective
output,,生産高,,,noun
beauty,,美,,,noun
massive,,巨大な,,,adjective
install,,インストール、設置する,,,verb
calculate,,計算する,,,verb
mouse,,鼠,,,noun
mathematics,,数学,,,noun
upper,,上の,,,adjective
creation,,創作、作品,,,noun
occupy,,占める,,,verb
outline,,概要,,,noun
sufficient,,十分な,,,adjective
update,,更新する,,,verb
luck,,運,,,noun
preserve,,保存する,,,verb
split,,分ける,,,verb
swing,,揺れる,,,verb
illness,,病気,,,noun
journalist,,ジャーナリスト,,,noun
sudden,,突然,,,adjective
advertisement,,広告,,,noun
consistent,,一貫した,,,adjective
originally,,もともと,,,adverb
aside,,わきへ,,,adverb
comfort,,心地よい,,,noun
secondly,,第二に,,,adverb
severe,,深刻,,,adjective
gene,,遺伝子,,,noun
prospect,,見込み,,,noun
snow,,ゆき,,,noun
plot,,構想、陰謀,,,noun
neck,,首,,,noun
criterion,,判断基準,,,noun
primarily,,主に,,,adverb
integrate,,まとめる,,,verb
criticism,,批評,,,noun
convention,,会議、大会,,,noun
bet,,賭ける,,,verb
retain,,維持する,,,verb
sequence,,順序,,,noun
plain,,無地の、平易な,,,adjective
volunteer,,ボランティア,,,noun
rural,,田舎の,,,adjective
calm,,落ち着いた,,,adjective
abandon,,断念する,,,verb
examination,,試験、検査,,,noun
silence,,静けさ,,,noun
rapidly,,急速に,,,adverb
efficient,,有能な、敏腕な,,,adjective
revolution,,革命,,,noun
delight,,歓喜,,,noun
spell,,つづる,,,verb
premise,,前提,,,noun
lean,,傾く,,,verb
dramatic,,劇的な、ドラマチックな,,,adjective
differ,,異なる,,,verb
grateful,,感謝する,,,adjective
protein,,タンパク質,,,noun
bike,,バイク、自転車,,,noun
distribute,,配る,,,verb
intellectual,,知性の,,,adjective
derive,,得る,,,verb
crucial,,極めて重要な,,,adjective
unemployment,,失業,,,noun
wheel,,タイヤ,,,noun
crop,,農作物,,,noun
minority,,少数派,,,noun
origin,,起源,,,noun
interpretation,,解説,,,noun
gentleman,,紳士,,,noun
drama,,ドラマ,,,noun
landscape,,地形,,,noun
educate,,教育する,,,verb
toy,,おもちゃ,,,noun
fault,,責任,,,noun
exhibit,,展示する,,,verb
minor,,小さな、ささいな,,,adjective
hunt,,狩る,,,verb
storm,,嵐,,,noun
thick,,厚い,,,adjective
achievement,,達成,,,noun
negotiate,,交渉する,,,verb
dominate,,支配する,,,verb
supplier,,供給者,,,noun
prize,,賞,,,noun
typically,,典型的に,,,adverb
peer,,同級生、同僚,,,noun
pension,,年金,,,noun
wing,,羽,,,noun
acquisition,,取得、獲得,,,noun
laughter,,笑い,,,noun
deeply,,深く,,,adverb
recognition,,認識,,,noun
electricity,,電気,,,noun
assistance,,援助,,,noun
roof,,屋根,,,noun
retirement,,引退,,,noun
respectively,,それぞれ,,,adverb
variation,,差異,,,noun
ultimately,,最終的に,,,adverb
proof,,誇り,,,noun
soil,,土,,,noun
smart,,賢い,,,adjective
layer,,層,,,noun
upset,,取り乱す,,,adjective
tooth,,歯,,,noun
representation,,代表,,,noun
preparation,,準備,,,noun
dispute,,論争,,,noun
agenda,,するべきこと,,,noun
emphasis,,強調,,,noun
edition,,版,,,noun
silver,,銀,,,noun
entertainment,,娯楽,,,noun
honest,,正直な,,,adjective
undertake,,着手する、取り組む,,,verb
retail,,小売り,,,adjective
wire,,ワイヤー,,,noun
unlikely,,なさそうな,,,adjective
gay,,同性愛者,,,adjective
publication,,出版,,,noun
slight,,わずかな,,,adjective
unknown,,未知の、無名の,,,adjective
framework,,枠組み,,,noun
zone,,地帯,,,noun
restrict,,制限する,,,verb
trace,,突き止める,,,verb
inch,,インチ,,,noun
equivalent,,同等の,,,adjective
solid,,固体,,,adjective
enterprise,,企業,,,noun
elderly,,高齢者,,,adjective
owe,,支払う義務がある、借りがある,,,verb
governor,,知事,,,noun
uniform,,ユニフォーム,,,noun
port,,港,,,noun
pitch,,投げる、売り込む,,,noun
arrival,,到着,,,noun
contemporary,,現代の,,,adjective
gate,,門,,,noun
ease,,緩和、楽であること,,,noun
beer,,ビール,,,noun
specialist,,専門家,,,adjective
assure,,保証する,,,verb
profile,,プロフィール,,,noun
mood,,気分,,,noun
episode,,エピソード,,,noun
crack,,ひびが入る,,,verb
numerous,,夥しい数の,,,adjective
submit,,提出する,,,verb
symptom,,症状,,,noun
virtually,,実質的に,,,adverb
era,,時代,,,noun
coverage,,報道,,,noun
tension,,緊張,,,noun
cable,,ケーブル,,,noun
sensitive,,繊細な,,,adjective
nervous,,緊張する,,,adjective
input,,情報などを入れる,,,verb
isolate,,隔離する,,,verb
prisoner,,囚人,,,noun
eliminate,,取り除く,,,verb
tight,,きつい,,,adjective
wet,,濡れた,,,adjective
secondary,,第2の,,,adjective
welfare,,福祉,,,noun
recruit,,新規採用する,,,verb
exclude,,排除する,,,verb
string,,紐,,,noun
cloud,,雲,,,noun
persuade,,説得する,,,verb
inspire,,鼓舞する,,,verb
grand,,壮大な,,,adjective
hence,,今から、この先,,,adverb
crew,,乗員,,,noun
phenomenon,,現象,,,noun
pupil,,生徒,,,noun
false,,偽の,,,adjective
assist,,支援する,,,verb
restore,,修復する,,,verb
formula,,公式,,,noun
alter,,変える,,,verb
perceive,,気づく,,,verb
routine,,毎日の決まった仕事,,,noun
sink,,沈む,,,verb
stare,,見つめる,,,verb
anymore,,これ以上～ない,,,adverb
hero,,ヒーロー,,,noun
supporter,,支持者,,,noun
convert,,変換する,,,verb
steady,,固定した、安定した,,,adjective
meter,,メーター,,,noun
truck,,トラック,,,noun
nose,,鼻,,,noun
beside,,隣の、近くの,,,expression
sail,,航海する,,,verb
disaster,,災害,,,noun
pace,,ペース,,,noun
heavily,,激しく,,,adverb
devote,,ささげる、充てる,,,verb
terrorist,,テロリスト,,,noun
justify,,正当だと理由づける,,,verb
vital,,必要不可欠な,,,adjective
fascinate,,魅了する,,,verb
external,,外部,,,adjective
spare,,予備、スペア,,,adjective
whenever,,いつでも,,,adverb
depression,,落ち込み、鬱病,,,noun
guilty,,有罪な,,,adjective
underlie,,下に横たわる,,,verb
mom,,まま,,,noun
distinction,,違い,,,noun
satisfaction,,満足,,,noun
incorporate,,組み込む,,,verb
pour,,注ぐ,,,verb
sweep,,掃く,,,verb
obligation,,義務,,,noun
sir,,（男性への丁寧な呼び掛け）旦那様、お客様,,,noun
evaluate,,評価する,,,verb
anger,,怒り,,,noun
pub,,パブ,,,noun
perception,,見識,,,noun
naturally,,自然に,,,adverb
currency,,通貨,,,noun
database,,データベース,,,noun
initially,,初めは,,,adverb
territory,,領土,,,noun
stream,,小川,,,noun
rarely,,ほとんどない,,,adverb
height,,身長,,,noun
apparent,,明らかな,,,adjective
western,,西部の,,,adjective
expansion,,拡大,,,noun
constantly,,常に,,,adverb
muscle,,筋肉,,,noun
scare,,怖がらせる,,,verb
badly,,ひどく,,,adverb
everyday,,普段の,,,adjective
boundary,,境界,,,noun
ratio,,比率,,,noun
essay,,エッセイ,,,noun
scream,,絶叫する,,,verb
withdraw,,お金を引き出す、身を引く,,,verb
pollution,,汚染,,,noun
disorder,,疾患、騒動,,,noun
furniture,,家具,,,noun
symbol,,象徴,,,noun
apartment,,アパート,,,noun
demonstration,,デモ、実演,,,noun
analyst,,アナリスト,,,noun
platform,,演壇、プラットホーム,,,noun
steel,,鋼,,,noun
cake,,ケーキ,,,noun
transform,,変形する,,,verb
wound,,傷,,,noun
restriction,,制限,,,noun
foundation,,設立,,,noun
designer,,デザイナー、設計者,,,noun
strain,,緊張、体の一部を痛めること,,,noun
innovation,,革新,,,noun
album,,アルバム,,,noun
singer,,歌手,,,noun
trail,,小道,,,noun
trap,,罠、仕掛け,,,noun
loose,,緩い,,,adjective
extension,,拡張,,,noun
wealth,,裕福,,,noun
gradually,,しだいに,,,adverb
tank,,タンク,,,noun
evil,,邪悪な,,,adjective
remarkable,,注目すべき,,,adjective
tune,,旋律,,,noun
grass,,草,,,noun
invitation,,招待,,,noun
transition,,推移,,,noun
frighten,,怖がらせる,,,verb
bid,,努力、入札,,,noun
breed,,（動物の）種類,,,noun
extraordinary,,並外れた,,,adjective
brilliant,,素晴らしい,,,adjective
adviser,,アドバイザー,,,noun
stem,,茎,,,noun
reverse,,逆にする,,,verb
mode,,方法,,,noun
mirror,,鏡,,,noun
awful,,ひどい,,,adjective
pose,,ポーズをとる,,,verb
adjust,,調節する,,,verb
creative,,創造力がある,,,adjective
nowadays,,最近は,,,adverb
poem,,詩,,,noun
agricultural,,農業の,,,adjective
competitor,,競争相手,,,noun
alcohol,,アルコール,,,noun
festival,,祭り,,,noun
vegetable,,野菜,,,noun
van,,バン,,,noun
confident,,自信,,,adjective
planet,,惑星,,,noun
curve,,曲線,,,noun
knee,,膝,,,noun
overcome,,打ち勝つ,,,verb
web,,ウェブ,,,noun
depth,,深さ,,,noun
entrance,,入口,,,noun
log,,丸太,,,noun
giant,,巨大な,,,adjective
god,,神様,,,noun
portion,,部分,,,noun
substance,,物質,,,noun
extensive,,広範な,,,adjective
interpret,,解釈する,,,verb
independence,,独立,,,noun
sugar,,砂糖,,,noun
inner,,内部の,,,adjective
harm,,害,,,noun
consult,,相談する,,,verb
pink,,ピンク,,,adjective
shadow,,影,,,noun
strip,,脱ぐ,,,verb
smooth,,滑らかな,,,adjective
intervention,,介入,,,noun
impress,,好印象を与える,,,verb
exam,,試験,,,noun
vice,,悪徳,,,noun
radical,,過激な,,,adjective
similarly,,同様に,,,adverb
behave,,行儀よくする,,,verb
loud,,うるさい,,,adjective
dimension,,寸法,,,noun
subsequent,,その後の,,,adjective
infection,,感染症,,,noun
jacket,,ジャケット,,,noun
efficiency,,効率,,,noun
dirty,,汚い,,,adjective
statistic,,統計,,,noun
regularly,,定期的に,,,adverb
resort,,リゾート,,,noun
iron,,鉄分、鉄,,,noun
broadcast,,放送する,,,verb
membership,,会員,,,noun
bread,,パン,,,noun
blind,,盲目,,,adjective
pure,,純粋な,,,adjective
bloody,,血まみれの,,,adjective
ally,,同盟,,,noun
quantity,,量,,,noun
bend,,曲げる,,,verb
mature,,成長した・熟慮した,,,adjective
briefly,,ちょっとの間,,,adverb
alarm,,アラーム,,,noun
disturb,,邪魔をする,,,verb
sustain,,維持する,,,verb
flood,,洪水,,,noun
poverty,,貧困,,,noun
crazy,,気が狂った,,,adjective
cite,,引用する,,,verb
newly,,新たに,,,adverb
parallel,,類似した、同時に起きる,,,adjective
gender,,性別,,,noun
sponsor,,スポンサーを務める,,,verb
boot,,ブーツ,,,noun
accurate,,正確,,,adjective
dealer,,販売業者,,,noun
button,,ボタン,,,noun
burden,,負担,,,noun
desert,,砂漠,,,noun
mate,,仲間,,,noun
occasionally,,たまに,,,adverb
shareholder,,株主,,,noun
bowl,,丼,,,noun
discovery,,発見,,,noun
resistance,,抵抗,,,noun
bath,,入浴,,,noun
frequency,,頻発,,,noun
criticize,,批判する,,,verb
tap,,軽くたたく,,,noun
philosophy,,哲学,,,noun
lip,,唇,,,noun
attribute,,～のせいにする,,,noun
apologize,,謝る,,,verb
approval,,承認,,,noun
grab,,つかむ,,,verb
entitle,,権利を与える,,,verb
lend,,貸す,,,verb
involvement,,関与,,,noun
exposure,,（社会などに）触れること,,,noun
conventional,,伝統的な、従来の,,,adjective
digital,,デジタル,,,adjective
translate,,翻訳する,,,verb
edit,,編集する,,,verb
formation,,形成,,,noun
deposit,,預金,,,noun
pleasant,,心地良い、楽しい,,,adjective
overseas,,海外,,,adjective
advocate,,主張する,,,noun
establishment,,機関、設立,,,noun
summary,,要約,,,noun
rough,,ざらざらした,,,adjective
pen,,ペン,,,noun
recovery,,回復,,,noun
seal,,アシカ、アザラシ,,,noun
tube,,筒,,,noun
tower,,タワー,,,noun
characterize,,特徴づける、描写する,,,verb
specify,,明記する,,,verb
exact,,正確な,,,adjective
spin,,回転する,,,verb
operator,,オペレーター,,,noun
infant,,幼児,,,noun
dig,,掘る,,,verb
drag,,引きずる,,,verb
mount,,上がる,,,noun
wrap,,包む,,,verb
anticipate,,予測する,,,verb
dependent,,依存している,,,adjective
specialize,,専門とする,,,verb
angle,,角,,,noun
chicken,,鶏肉,,,noun
anxiety,,不安,,,noun
virus,,ウイルス,,,noun
precisely,,正確に,,,adverb
rival,,好敵手,,,noun
offense,,犯行,,,noun
detect,,検出する,,,verb
teenager,,１０代の,,,noun
admire,,称賛する,,,verb
moderate,,適度の,,,adjective
surgery,,手術,,,noun
musician,,ミュージシャン,,,noun
significance,,意義、重要性,,,noun
shower,,シャワー,,,noun
illegal,,非合法の,,,adjective
charity,,慈善,,,noun
universal,,普遍的な,,,adjective
cigarette,,たばこ,,,noun
constitute,,構成する,,,verb
adequate,,十分な,,,adjective
consultant,,コンサルタント,,,noun
historian,,歴史家,,,noun
cousin,,いとこ,,,noun
visual,,視覚,,,adjective
stupid,,頭が悪い,,,adjective
keen,,熱心な,,,adjective
ethnic,,民族,,,adjective
twin,,双子,,,noun
clinical,,臨床の,,,adjective
eastern,,東部の,,,adjective
forecast,,予測,,,noun
segment,,部分,,,noun
custom,,慣習,,,noun
adapt,,適応する,,,verb
sand,,砂,,,noun
cap,,帽子,,,noun
prompt,,促す,,,adjective
charm,,魅力,,,noun
react,,反応する,,,verb
lecture,,講義,,,noun
venture,,冒険,,,noun
compound,,調合する,,,verb
rescue,,救う,,,verb
mess,,乱雑、混乱,,,noun
preference,,好み,,,noun
comprehensive,,包括的な,,,adjective
incentive,,やる気、動機付け,,,noun
league,,リーグ,,,noun
dialog,,対話,,,noun
cream,,クリーム,,,noun
rapid,,急速に,,,adjective
cancel,,中止、キャンセルする,,,verb
regret,,後悔する、残念に思う,,,verb
dismiss,,解雇する,,,verb
margin,,余白,,,noun
beneath,,～の下で,,,expression
opponent,,対戦相手、反対者,,,noun
resist,,抵抗する,,,verb
capability,,能力,,,noun
absolute,,絶対的な,,,adjective
correspond,,相当する,,,verb
stroke,,脳卒中,,,noun
dare,,勇気がある,,,verb
barrier,,障害,,,noun
rid,,取り除く,,,verb
divorce,,離婚する,,,noun
ruin,,台無しにする,,,verb
bury,,埋葬する,,,verb
counsel,,弁護士、助言,,,noun
tendency,,傾向,,,noun
frequent,,頻繁に,,,adjective
motor,,モーター,,,noun
survival,,生き残ること,,,noun
counter,,対抗する,,,verb
possess,,所有する,,,verb
permission,,許可,,,noun
valley,,谷,,,noun
float,,浮く,,,verb
mad,,怒り狂ってる,,,adjective
greatly,,大いに,,,adverb
visible,,目に見える,,,adjective
electric,,電気の,,,adjective
impressive,,印象的な,,,adjective
evolution,,進化,,,noun
awareness,,意識,,,noun
violent,,暴力,,,adjective
slave,,奴隷,,,noun
wealthy,,豊か,,,adjective
architecture,,建築,,,noun
acceptable,,容認できる、受諾可能な,,,adjective
journal,,日記,,,noun
coal,,石炭,,,noun
measurement,,測定、寸法,,,noun
random,,ランダムな,,,adjective
successfully,,うまく,,,adverb
depress,,落ち込ませる,,,verb
illustration,,イラスト、例,,,noun
burst,,爆発,,,verb
privilege,,特権,,,noun
buyer,,買い手,,,noun
mutual,,共有の,,,adjective
rail,,手すり、（電車の）レール,,,noun
motivate,,やる気にさせる,,,verb
laboratory,,研究室,,,noun
mortgage,,抵当,,,noun
promotion,,促進、昇進,,,noun
passion,,情熱,,,noun
champion,,チャンピオン,,,noun
fulfill,,遂行する,,,verb
dust,,埃,,,noun
dedicate,,専念する,,,verb
roughly,,およそ,,,adverb
skirt,,スカート,,,noun
province,,州,,,noun
march,,行進,,,verb
evaluation,,評価,,,noun
compromise,,妥協する,,,verb
accomplish,,成し遂げる,,,verb
weakness,,弱点,,,noun
announcement,,発表、告知,,,noun
salt,,塩,,,noun
glance,,ちらりと見る,,,verb
opera,,歌劇,,,noun
contest,,コンテスト,,,noun
brush,,刷毛,,,noun
embarrass,,恥をかかせる,,,verb
gallery,,画廊,,,noun
genetic,,遺伝的な,,,adjective
aggressive,,積極的,,,adjective
chest,,腰,,,noun
format,,書式、形式,,,noun
literary,,文学の,,,adjective
govern,,支配する,,,verb
embrace,,抱き締める、受け入れる,,,verb
praise,,称賛する,,,verb
silent,,静かな,,,adjective
pump,,ポンプ,,,noun
publisher,,出版社,,,noun
celebration,,お祝い,,,noun
golf,,ゴルフ,,,noun
compensation,,賠償,,,noun
classical,,古典的な,,,adjective
weigh,,量る,,,verb
versus,,対,,,expression
deficit,,赤字,,,noun
modify,,修正する,,,verb
flash,,ひらめき、閃光,,,noun
friendship,,友情,,,noun
profession,,専門,,,noun
literally,,文字通りに,,,adverb
equation,,方程式,,,noun
gesture,,ジェスチャー,,,noun
entertain,,楽しませる,,,verb
fantastic,,すばらしい,,,adjective
assign,,割り当てる,,,verb
inflation,,インフレ,,,noun
historic,,歴史的な,,,adjective
injure,,にけがをさせる,,,verb
remote,,遠隔,,,adjective
therapy,,治療,,,noun
orange,,オレンジ,,,noun
twist,,ひねる,,,verb
personnel,,職員,,,noun
imagination,,想像,,,noun
disagree,,反対する,,,verb
throat,,喉,,,noun
insight,,洞察力,,,noun
tackle,,取り組む、タックルする,,,verb
forever,,永遠に,,,adverb
exceed,,超える,,,verb
expenditure,,出費,,,noun
joy,,楽しさ,,,noun
pregnant,,妊娠した,,,adjective
reliable,,信頼できる,,,adjective
gear,,ギア、衣服,,,noun
poet,,詩人,,,noun
fortune,,大金,,,noun
ceremony,,式典,,,noun
pile,,山（積み重ね）,,,noun
pig,,豚,,,noun
mixture,,混合物,,,noun
automatically,,自動的に,,,adverb
scholar,,学者,,,noun
psychological,,心理的な,,,adjective
dramatically,,ドラマチックに、劇的に,,,adverb
stake,,賭ける、出資金,,,noun
creature,,生き物,,,noun
partnership,,連携,,,noun
participation,,参加,,,noun
clause,,主節,,,noun
penalty,,罪,,,noun
chamber,,部屋,,,noun
fancy,,～したい気分だ,,,verb
poetry,,詩,,,noun
chat,,お喋り,,,verb
clothing,,衣類,,,noun
evolve,,進化する,,,verb
sake,,利益、～のため,,,noun
shelf,,棚,,,noun
boost,,後押し,,,noun
tail,,しっぽ,,,noun
possession,,所有物,,,noun
abortion,,中絶,,,noun
curious,,好奇心旺盛な,,,adjective
wooden,,木製の,,,adjective
boom,,好況、ブーンとなる音,,,noun
tale,,(事実・伝説・架空の）話、物語,,,noun
democratic,,民主主義の、民主的な,,,adjective
maintenance,,保守,,,noun
consequently,,結果的に,,,adverb
pot,,ポット,,,noun
cow,,牛,,,noun
strengthen,,強化する,,,verb
whilst,,の間に、一方で,,,conjunction
constraint,,制約,,,noun
fold,,折る,,,noun
bin,,ごみ箱,,,noun
undergo,,経験する、耐える、受ける,,,verb
potentially,,潜在的に,,,adverb
scope,,範囲、領域,,,noun
pretend,,ふりをする,,,verb
diversity,,多様性,,,noun
allege,,申し立てる,,,verb
pride,,誇り,,,noun
intense,,激しい,,,adjective
inquiry,,照会,,,noun
resign,,辞める,,,verb
craft,,工作,,,noun
strict,,厳しい,,,adjective
concrete,,コンクリート,,,noun
shell,,殻,,,noun
damn,,くそっ,,,interjection
distinct,,区別できる,,,adjective
humor,,ユーモア,,,noun
limitation,,制限,,,noun
indication,,兆候、印,,,noun
stability,,安定性,,,noun
wise,,賢い,,,adjective
neglect,,怠る,,,verb
compose,,構成する,,,verb
jail,,牢屋,,,noun
shelter,,避難所,,,noun
mere,,ほんの,,,adjective
carbon,,炭素,,,noun
regulate,,調節する、規制する,,,verb
cheese,,チーズ,,,noun
trigger,,引き金,,,noun
pipe,,パイプ,,,noun
destruction,,破壊,,,noun
guitar,,ギター,,,noun
flag,,旗,,,noun
piano,,ピアノ,,,noun
magic,,魔法,,,noun
mystery,,謎,,,noun
ski,,スキー,,,noun
whisper,,ささやく,,,verb
rear,,後ろ,,,adjective
menu,,お品書き,,,noun
species,,種,,,noun
moon,,月,,,noun
presumably,,おそらく,,,adverb
bless,,神聖にする,,,verb
airline,,航空,,,noun
amendment,,改正,,,noun
grandmother,,祖母,,,noun
jury,,陪審,,,noun
cooperation,,協力,,,noun
civilian,,民間人,,,noun
composition,,構成,,,noun
coin,,硬貨,,,noun
regardless,,～にかかわらず,,,adverb
scan,,スキャン,,,verb
bunch,,房,,,noun
racial,,人種の,,,adjective
greet,,挨拶する,,,verb
hopefully,,願わくは,,,adverb
sanction,,制裁,,,noun
trick,,巧妙な技,,,noun
paragraph,,段落,,,noun
maker,,製作者,,,noun
chocolate,,チョコレート,,,noun
stimulate,,促す、刺激する,,,verb
belt,,ベルト,,,noun
potato,,じゃがいも,,,noun
narrative,,物語,,,noun
tissue,,ティッシュペーパー、組織,,,noun
barely,,かろうじて,,,adverb
invent,,発明する,,,verb
tourism,,観光事業,,,noun
pro,,プロ,,,noun
stair,,階段,,,noun
hesitate,,ためらう,,,verb
shine,,輝く,,,verb
motivation,,意欲、動機,,,noun
romantic,,ロマンティック,,,adjective
firmly,,しっかりと,,,adverb
interior,,内側,,,noun
stomach,,胃,,,noun
nowhere,,どこにも～ない,,,adverb
pray,,祈る,,,verb
championship,,選手権,,,noun
servant,,使用人,,,noun
immigrant,,移民,,,noun
excess,,余分,,,noun
complexity,,複雑さ,,,noun
liability,,法的責任、債務,,,noun
surprisingly,,驚くべき,,,adverb
extract,,引き抜く,,,verb
implementation,,実施、実装,,,noun
bias,,偏見,,,noun
differently,,異なって,,,adverb
catalog,,カタログ,,,noun
continuous,,連続的な,,,adjective
golden,,金の,,,adjective
stamp,,切手,,,noun
guideline,,指針,,,noun
envelope,,封筒,,,noun
knife,,ナイフ,,,noun
biological,,生物学的,,,adjective
consume,,消費する,,,verb
luxury,,贅沢な,,,adjective
weekly,,週１,,,adjective
wherever,,どこでも,,,adverb
bite,,かむ,,,verb
printer,,印刷機,,,noun
firstly,,初めに,,,adverb
anxious,,心配する,,,adjective
adventure,,冒険,,,noun
fence,,フェンス,,,noun
exhaust,,疲れ果てさせる、使い果たす,,,verb
attraction,,ひきつけるもの,,,noun
ocean,,海洋,,,noun
quietly,,静かに,,,adverb
castle,,城,,,noun
veteran,,ベテラン,,,noun
reflection,,反射,,,noun
nerve,,神経,,,noun
determination,,決意,,,noun
altogether,,完全に,,,adverb
fiction,,フィクション,,,noun
carpet,,カーペット,,,noun
cluster,,群,,,noun
confusion,,混乱,,,noun
hurry,,急ぐ,,,verb
logic,,論理,,,noun
controversial,,議論を呼ぶ,,,adjective
raw,,生の、未加工の,,,adjective
grammar,,文法,,,noun
revise,,修正する,,,verb
hint,,ほのめかす、ヒント,,,noun
hook,,鉤,,,noun
bell,,ベル,,,noun
liquid,,液体,,,noun
panic,,パニック,,,noun
uncle,,叔父,,,noun
rice,,おこめ,,,noun
slope,,坂,,,noun
happiness,,幸せ,,,noun
genuine,,正真正銘の,,,adjective
vessel,,貨物船,,,noun
verb,,動詞,,,noun
reckon,,～だと思う,,,verb
silly,,愚か,,,adjective
transportation,,交通,,,noun
harbor,,湾,,,noun
comedy,,コメディ,,,noun
chase,,追いかける,,,noun
storage,,保管場所,,,noun
universe,,宇宙,,,noun
horrible,,ひどい,,,adjective
sheep,,羊,,,noun
lover,,恋人,,,noun
rat,,ラット,,,noun
portrait,,肖像,,,noun
innocent,,潔白な、無実な,,,adjective
substitute,,控え,,,noun
supplement,,補足,,,noun
adjustment,,調整,,,noun
reasonably,,合理的に,,,adverb
filter,,フィルター,,,noun
flexible,,曲げやすい,,,adjective
abstract,,抽象的な,,,adjective
tent,,テント,,,noun
precise,,正確な、精密な,,,adjective
distant,,遠い,,,adjective
stranger,,初対面の人、知らない人,,,noun
shade,,影,,,noun
grain,,穀物,,,noun
situate,,～に置く,,,verb
summarize,,要約する,,,verb
leap,,跳ねる,,,verb
snap,,バキっ！　ばしん！、折る,,,verb
probability,,見込み,,,noun
leather,,革,,,noun
uncertainty,,不確実なこと,,,noun
swear,,誓う,,,verb
refugee,,難民,,,noun
shore,,岸,,,noun
monthly,,月１,,,adjective
comprise,,構成する,,,verb
stir,,かき混ぜる,,,verb
excitement,,興奮,,,noun
sigh,,ため息をつく,,,verb
pregnancy,,妊娠,,,noun
experimental,,実験の,,,adjective
institutional,,機関の,,,adjective
slice,,一切れ,,,noun
wander,,さまよう,,,verb
empire,,帝国,,,noun
subsequently,,その後に,,,adverb
gentle,,優しい、穏やかな,,,adjective
attendance,,出席者数,,,noun
ownership,,所有権,,,noun
qualification,,資格,,,noun
suspend,,一時停止する,,,verb
functional,,機能的な,,,adjective
voluntary,,自由意志による,,,adjective
pale,,淡い,,,adjective
stain,,汚す,,,verb
athlete,,アスリート,,,noun
organic,,有機栽培の,,,adjective
tongue,,舌,,,noun
server,,サーバー,,,noun
structural,,構造的な,,,adjective
fool,,馬鹿者,,,noun
alongside,,並んで,,,expression
unite,,団結する,,,verb
gently,,優しく,,,adverb
compute,,計算する,,,verb
wipe,,拭く,,,verb
weird,,変わった,,,adjective
gaze,,じっと見る,,,verb
fade,,弱まる,,,verb
cough,,咳をする,,,verb
hypothesis,,仮説,,,noun
royal,,王族の,,,adjective
theoretical,,理論的な,,,adjective
curtain,,カーテン,,,noun
mayor,,市長,,,noun
darkness,,暗闇,,,noun
aunt,,叔母,,,noun
tournament,,大会,,,noun
registration,,登録,,,noun
fragment,,断片,,,noun
listener,,傍聴者,,,noun
tender,,思いやりのある,,,adjective
density,,密度,,,noun
ugly,,醜い,,,adjective
module,,モジュール,,,noun
faithfully,,忠実に,,,adverb
autumn,,秋,,,noun
cheek,,ほお,,,noun
attachment,,愛着、添付ファイル,,,noun
holder,,所有者,,,noun
grin,,にっこり笑う,,,noun
noun,,名詞,,,noun
fortunate,,幸運,,,adjective
alright,,大丈夫,,,adverb
lazy,,怠惰な,,,adjective
hello,,こんにちは,,,interjection
hunger,,空腹,,,noun
insure,,保険を掛ける,,,verb
ashamed,,恥ずかしい,,,adjective
found,,設立する,,,verb
thirst,,渇き,,,noun
