word,alternatives,meanings,created_at,last_seen_at,parts_of_speech
並べる,ならべる,to line up (transitive),2026-08-12,2026-08-12,verb
選ぶ,えらぶ,to choose,2026-08-12,2026-08-12,verb
信じる,しんじる,to believe,2026-08-12,2026-08-12,verb
読む,よむ,to read,2026-08-12,2026-08-12,verb
過ぎる,すぎる,to be in excess,2026-08-12,2026-08-12,verb
渡す,わたす,to pass it on,2026-08-12,2026-08-12,verb
溢れる,あふれる,to overflow,2026-08-12,2026-08-12,verb
讃える,たたえる,to praise,2026-08-12,2026-08-12,verb
飲む,のむ,to drink,2026-08-12,2026-08-12,verb
なる,なる,to become,2026-08-12,2026-08-12,verb
生まれる,うまれる,to be born,2026-08-12,2026-08-12,verb
手伝う,てつだう,to help someone with something; to lend a hand,2026-08-12,2026-08-12,verb
話す,はなす,to talk,2026-08-12,2026-08-12,verb
祈る,いのる,to pray,2026-08-12,2026-08-12,verb
開ける,あける,to open (focusing on opening),2026-08-12,2026-08-12,verb
探す,さがす,to look for,2026-08-12,2026-08-12,verb
貰う,もらう,to receive (an action with gratitude),2026-08-12,2026-08-12,verb
受ける,うける,to receive (something material),2026-08-12,2026-08-12,verb
得る,うる,to obtain (something non-material),2026-08-12,2026-08-12,verb
売る,うる,to sell,2026-08-12,2026-08-12,verb
買う,かう,to buy,2026-08-12,2026-08-12,verb
待つ,まつ,to wait,2026-08-12,2026-08-12,verb
持つ,もつ,to have; to hold (a thing),2026-08-12,2026-08-12,verb
飼う,かう,to keep (a pet),2026-08-12,2026-08-12,verb
使う,つかう,to use,2026-08-12,2026-08-12,verb
用いる,もちいる,to utilize,2026-08-12,2026-08-12,verb
履く,はく,to wear (below the waist; pants; shoes),2026-08-12,2026-08-12,verb
着る,きる,to wear (below the head; above the waist; shirts),2026-08-12,2026-08-12,verb
かぶる,かぶる,to wear (hats),2026-08-12,2026-08-12,verb
かける,かける,to wear (sunglasses),2026-08-12,2026-08-12,verb
つける,つける,to wear (accessories; watches; scarves),2026-08-12,2026-08-12,verb
着く,つく,to arrive,2026-08-12,2026-08-12,verb
押す,おす,to push,2026-08-12,2026-08-12,verb
歩く,あるく,to walk,2026-08-12,2026-08-12,verb
感じる,かんじる,to feel,2026-08-12,2026-08-12,verb
並ぶ,ならぶ,to arrange; to line up,2026-08-12,2026-08-12,verb
変わる,かわる,to change,2026-08-12,2026-08-12,verb
変える,かえる,to change,2026-08-12,2026-08-12,verb
挟む,はさむ,to sandwich; to interject,2026-08-12,2026-08-12,verb
ハマる,はまる,to be into something,2026-08-12,2026-08-12,verb
◯◯「ます形ー動詞」切る,◯◯「ます形ー動詞」きる,to do (a verb) completely,2026-08-12,2026-08-12,verb
笑う,わらう,to laugh ,2026-08-12,2026-08-12,verb
笑む,えむ,to smile,2026-08-12,2026-08-12,verb
黙る,だまる,to shut up,2026-08-12,2026-08-12,verb
捲る,めくる,to turn over (a page in a book),2026-08-12,2026-08-12,verb
咲く,さく,to bloom,2026-08-12,2026-08-12,verb
吐き出す,はきだす,to spit out; to vomit; to vent (feelings),2026-08-12,2026-08-12,verb
送る,おくる,to send,2026-08-12,2026-08-12,verb
置く,おく,to place; to leave (something somewhere),2026-08-12,2026-08-12,verb
経つ,たつ,to pass (time),2026-08-12,2026-08-12,verb
捧げる,ささげる,to dedicate; to devote; to offer; to sacrifice,2026-08-12,2026-08-12,verb
掴む,つかむ,to grab,2026-08-12,2026-08-12,verb
触る,さわる,to touch,2026-08-12,2026-08-12,verb
座る,すわる,to sit,2026-08-12,2026-08-12,verb
立ち読みする,たちよみする,to stand and read; to browse,2026-08-12,2026-08-12,verb
戦う,たたかう,to fight,2026-08-12,2026-08-12,verb
吐く,はく,to vomit,2026-08-12,2026-08-12,verb
飛ぶ,とぶ,to fly,2026-08-12,2026-08-12,verb
掘る,ほる,to dig,2026-08-12,2026-08-12,verb
打つ,うつ,to hit (something; normally w/ a tool),2026-08-12,2026-08-12,verb
殴る,なぐる,to hit (inflict harm; doing violence),2026-08-12,2026-08-12,verb
ぶつかる,ぶつかる,to collide with; to encounter; to clash,2026-08-12,2026-08-12,verb
飼育する,しいくする,to feed and raise (an animal),2026-08-12,2026-08-12,verb
育てる,そだてる,to raise (animal or child or plants),2026-08-12,2026-08-12,verb
動く,うごく,to move,2026-08-12,2026-08-12,verb
働く,はたらく,to work,2026-08-12,2026-08-12,verb
出す,だす,to take out ,2026-08-12,2026-08-12,verb
出る,でる,to go out,2026-08-12,2026-08-12,verb
出かける,でかける,to go out,2026-08-12,2026-08-12,verb
止まる,とまる,to come to a halt,2026-08-12,2026-08-12,verb
止める,とめる,to stop (something; doing something),2026-08-12,2026-08-12,verb
抜ける,ぬける,to come out; to exit; to fall out; to escape,2026-08-12,2026-08-12,verb
配信する,はいしん,to broadcast; to deliver; to stream,2026-08-12,2026-08-12,verb
震える,ふるえる,to shake; to tremble,2026-08-12,2026-08-12,verb
配る,くばる,to distribute,2026-08-12,2026-08-12,verb
曲がる,まがる,to curve; to bend; to twist (intransitive),2026-08-12,2026-08-12,verb
曲げる,まげる,to curve; to bend; to twist (transitive),2026-08-12,2026-08-12,verb
投げる,なげる,to throw,2026-08-12,2026-08-12,verb
比べる,くらべる,to compare,2026-08-12,2026-08-12,verb
調べる,しらべる,to look up; to investigate,2026-08-12,2026-08-12,verb
登る,のぼる,to climb,2026-08-12,2026-08-12,verb
昇る,のぼる,to rise (like a salary),2026-08-12,2026-08-12,verb
空く,あく・すく,to be (completely) empty,2026-08-12,2026-08-12,verb
入れる,いれる,to put in (transitive),2026-08-12,2026-08-12,verb
入る,はいる,to enter; to go in; to come in; to be in (intransitive; even though the often used with ◯◯に入る),2026-08-12,2026-08-12,verb
いる,いる,to exist (animate object),2026-08-12,2026-08-12,verb
要る,いる,to need,2026-08-12,2026-08-12,verb
覚える,おぼえる,to memorize,2026-08-12,2026-08-12,verb
思い出す,おもいだす,to recall something,2026-08-12,2026-08-12,verb
忘れる,わすれる,to forget,2026-08-12,2026-08-12,verb
思う,おもう,to feel; to sense,2026-08-12,2026-08-12,verb
考える,かんがえる,to ponder; to consider (emphasizes the act of thinking),2026-08-12,2026-08-12,verb
開く,ひらく・あく,to open (like an unfolding; focusing on what is revealed),2026-08-12,2026-08-12,verb
閉ざす,とざす,to close abstract things; mentally; non-physical (transitive),2026-08-12,2026-08-12,verb
閉じる,とじる,to close; to close softer things like eyes (intransitive/transitive),2026-08-12,2026-08-12,verb
閉まる,しまる,to close (intransitive),2026-08-12,2026-08-12,verb
閉める,しめる,to close (transitive),2026-08-12,2026-08-12,verb
落とす,おとす,to drop (transitive),2026-08-12,2026-08-12,verb
落ちる,おちる,to fall (intransitive),2026-08-12,2026-08-12,verb
あげる,あげる,to give (speaker giving to someone),2026-08-12,2026-08-12,verb
くれる,くれる,to give (speaker is receiving from someone),2026-08-12,2026-08-12,verb
頑張る,がんばる,to give effort,2026-08-12,2026-08-12,verb
カッコつける,カッコつける,to show off,2026-08-12,2026-08-12,verb
払う,はらう,to pay (more general; to pay respect; money; etc),2026-08-12,2026-08-12,verb
支払う,しはらう,to pay (narrow use focused on paying a monetary expense),2026-08-12,2026-08-12,verb
渡る,わたる,to go across,2026-08-12,2026-08-12,verb
間違える,まちがえる,to make a mistake,2026-08-12,2026-08-12,verb
褒める,ほめる,to praise (someone),2026-08-12,2026-08-12,verb
囲む,かこむ,to surround,2026-08-12,2026-08-12,verb
喧嘩する,ケンカする,to fight,2026-08-12,2026-08-12,verb
仲直りする,なかなおりする,to make up; to resolve the issue,2026-08-12,2026-08-12,verb
我慢する,がまんする,to be patient,2026-08-12,2026-08-12,verb
悩む,なやむ,to be troubled; to be worried,2026-08-12,2026-08-12,verb
心配する,しんぱいする,to worry,2026-08-12,2026-08-12,verb
生き返る,いきかえる,to come back to life,2026-08-12,2026-08-12,verb
隠す,かくす,to hide (something),2026-08-12,2026-08-12,verb
隠れる,かくれる,to be hidden,2026-08-12,2026-08-12,verb
育つ,そだつ,to grow up,2026-08-12,2026-08-12,verb
弾く,ひく,to play (strings/keys instruments),2026-08-12,2026-08-12,verb
吹く,ふく,to play (wind/brass instruments),2026-08-12,2026-08-12,verb
叩く,たたく,to play (percussion); to hit (from light taps to slapping; makes noise),2026-08-12,2026-08-12,verb
演奏する,えんそうする,to play an instrument (in general),2026-08-12,2026-08-12,verb
掃除する,そうじする,to clean up,2026-08-12,2026-08-12,verb
洗濯する,せんたくする,to do laundry,2026-08-12,2026-08-12,verb
遅刻する,ちこくする,to be late,2026-08-12,2026-08-12,verb
畳む,たたむ,to fold,2026-08-12,2026-08-12,verb
しまう,しまう,to put away,2026-08-12,2026-08-12,verb
謙遜している,けんそんしている,to be humble,2026-08-12,2026-08-12,verb
照れる,てれる,to be embarrassed,2026-08-12,2026-08-12,verb
求める,もとめる,to seek; to demand,2026-08-12,2026-08-12,verb
回ってくる,まわってくる,to come around,2026-08-12,2026-08-12,verb
沸かす,わかす,to boil (e.g. water),2026-08-12,2026-08-12,verb
望む,のぞむ,to seek,2026-08-12,2026-08-12,verb
守る,まもる,to defend,2026-08-12,2026-08-12,verb
洗う,あらう,to wash,2026-08-12,2026-08-12,verb
乾く,かわく,to get dry; to become parched,2026-08-12,2026-08-12,verb
踊る,おどる,to dance,2026-08-12,2026-08-12,verb
驚く,おどろく,to be surprised,2026-08-12,2026-08-12,verb
びっくりする,びっくりする,to be surprised,2026-08-12,2026-08-12,verb
怒る,おこる,to get angry,2026-08-12,2026-08-12,verb
歳を取る,としをとる,to get older,2026-08-12,2026-08-12,verb
過ごす,すごす,to spend (time); to pass; to lead (a life); to live,2026-08-12,2026-08-12,verb
目指す,めざす,to aim for,2026-08-12,2026-08-12,verb
掛ける,かける,to hang up; to pour; to multiple; to raise (a flag); … (it’s almost like する with so many uses),2026-08-12,2026-08-12,verb
進める,すすめる,to proceed　,2026-08-12,2026-08-12,verb
進む,すすむ,to continue,2026-08-12,2026-08-12,verb
続ける,つづける,to continue,2026-08-12,2026-08-12,verb
おしっこする,おしっこする,to pee,2026-08-12,2026-08-12,verb
下ろす,おろす,to withdraw (money),2026-08-12,2026-08-12,verb
間に合う,まにあう,to be in time,2026-08-12,2026-08-12,verb
招く,まねく,to invite (into your home; to a place),2026-08-12,2026-08-12,verb
誘う,さそう,to invite to do something together,2026-08-12,2026-08-12,verb
手を繋ぐ,てをつなぐ,to hold hands,2026-08-12,2026-08-12,verb
脱ぐ,ぬぐ,to take off (clothes; shoes),2026-08-12,2026-08-12,verb
揃える,そろえる,to arrange; to gather (a collection),2026-08-12,2026-08-12,verb
行う,おこなう,to carry out; to conduct; to do,2026-08-12,2026-08-12,verb
失う,うしなう,to lose,2026-08-12,2026-08-12,verb
行く,いく,to go,2026-08-12,2026-08-12,verb
数える,かぞえる,to count; to enumerate,2026-08-12,2026-08-12,verb
断る,ことわる,to refuse; to turn down,2026-08-12,2026-08-12,verb
片付ける,かたづける,to put away (clean up),2026-08-12,2026-08-12,verb
垂らす,たらす,to let down,2026-08-12,2026-08-12,verb
許す,ゆるす,to forgive,2026-08-12,2026-08-12,verb
待ち望む,まちのぞむ,to wait in hope,2026-08-12,2026-08-12,verb
察する,さっする,to guess; to perceive the meaning,2026-08-12,2026-08-12,verb
調整する,ちょうせいする,to adjust,2026-08-12,2026-08-12,verb
解く,ほどく,to solve,2026-08-12,2026-08-12,verb
野次る,やじる,to heckle; to hoot,2026-08-12,2026-08-12,verb
努める,つとめる,to strive; to make an effort,2026-08-12,2026-08-12,verb
自分に酔っている,じぶんによっている,to be infatuated with oneself,2026-08-12,2026-08-12,verb
携わる,たずさわる,to participate in,2026-08-12,2026-08-12,verb
流行る,はやる,to become popular,2026-08-12,2026-08-12,verb
バズる,バズる,to go viral,2026-08-12,2026-08-12,verb
勤める,つとめる,to work (for); to be employed (at),2026-08-12,2026-08-12,verb
務める,つとめる,to work (for); to be employed (at),2026-08-12,2026-08-12,verb
諦める,あきらめる,to give up,2026-08-12,2026-08-12,verb
実がなる,みがなる,to produce fruit/crop,2026-08-12,2026-08-12,verb
合う,あう,to fit; to be on point; to be correct,2026-08-12,2026-08-12,verb
まとめる,まとめる,to summarize,2026-08-12,2026-08-12,verb
負ける,まける,to lose,2026-08-12,2026-08-12,verb
熾す,おこす,to ignite,2026-08-12,2026-08-12,verb
伝う,つたう,to transmit; to convey,2026-08-12,2026-08-12,verb
喋る,しゃべる,to speak,2026-08-12,2026-08-12,verb
扱う,あつかう,to handle; to treat; to deal with,2026-08-12,2026-08-12,verb
拭く,ふく,to wipe,2026-08-12,2026-08-12,verb
助ける,たすける,to help someone who is in trouble or out of a situation,2026-08-12,2026-08-12,verb
救う,すくう,to save someone (in a spiritual or fatalistic sense),2026-08-12,2026-08-12,verb
倒れる,たおれる,to fall over; to collapse,2026-08-12,2026-08-12,verb
繋ぐ,つなぐ,to connect,2026-08-12,2026-08-12,verb
繋がる,つながる,to be connected,2026-08-12,2026-08-12,verb
気取っている,きどっている,to act pretentious (to try and impress),2026-08-12,2026-08-12,verb
外す,はずす,to take off; to remove; to miss; to dodge,2026-08-12,2026-08-12,verb
鯖を読む,さばをよむ,to fudge the numbers,2026-08-12,2026-08-12,verb
纏める,まとめる,to summarize,2026-08-12,2026-08-12,verb
嗜む,たしなむ,to dabble in; to enjoy; to partake in,2026-08-12,2026-08-12,verb