word,alternatives,meanings,created_at,last_seen_at,parts_of_speech
to line up (transitive),,並べる,2026-08-12,2026-08-12,verb
to choose,,選ぶ,2026-08-12,2026-08-12,verb
to believe,,信じる,2026-08-12,2026-08-12,verb
to read,,読む,2026-08-12,2026-08-12,verb
to be in excess,,過ぎる,2026-08-12,2026-08-12,verb
to pass it on,,渡す,2026-08-12,2026-08-12,verb
to overflow,,溢れる,2026-08-12,2026-08-12,verb
to praise,,讃える,2026-08-12,2026-08-12,verb
to drink,,飲む,2026-08-12,2026-08-12,verb
to become,,なる,2026-08-12,2026-08-12,verb
to be born,,生まれる,2026-08-12,2026-08-12,verb
to help someone with something,to lend a hand,手伝う,2026-08-12,2026-08-12,verb
to talk,,話す,2026-08-12,2026-08-12,verb
to pray,,祈る,2026-08-12,2026-08-12,verb
to open (focusing on opening),,開ける,2026-08-12,2026-08-12,verb
to look for,,探す,2026-08-12,2026-08-12,verb
to receive (an action with gratitude),,貰う,2026-08-12,2026-08-12,verb
to receive (something material),,受ける,2026-08-12,2026-08-12,verb
to obtain (something non-material),,得る,2026-08-12,2026-08-12,verb
to sell,,売る,2026-08-12,2026-08-12,verb
to buy,,買う,2026-08-12,2026-08-12,verb
to wait,,待つ,2026-08-12,2026-08-12,verb
to have,to hold (a thing),持つ,2026-08-12,2026-08-12,verb
to keep (a pet),,飼う,2026-08-12,2026-08-12,verb
to use,,使う,2026-08-12,2026-08-12,verb
to utilize,,用いる,2026-08-12,2026-08-12,verb
to wear (below the waist; pants; shoes),,履く,2026-08-12,2026-08-12,verb
to wear (below the head; above the waist; shirts),,着る,2026-08-12,2026-08-12,verb
to wear (hats),,かぶる,2026-08-12,2026-08-12,verb
to wear (sunglasses),,かける,2026-08-12,2026-08-12,verb
to wear (accessories; watches; scarves),,つける,2026-08-12,2026-08-12,verb
to arrive,,着く,2026-08-12,2026-08-12,verb
to push,,押す,2026-08-12,2026-08-12,verb
to walk,,歩く,2026-08-12,2026-08-12,verb
to feel,,感じる,2026-08-12,2026-08-12,verb
to arrange,to line up,並ぶ,2026-08-12,2026-08-12,verb
to change,,変わる,2026-08-12,2026-08-12,verb
to change,,変える,2026-08-12,2026-08-12,verb
to sandwich,to interject,挟む,2026-08-12,2026-08-12,verb
to be into something,,ハマる,2026-08-12,2026-08-12,verb
to do (a verb) completely,,◯◯「ます形ー動詞」切る,2026-08-12,2026-08-12,verb
to laugh,,笑う,2026-08-12,2026-08-12,verb
to smile,,笑む,2026-08-12,2026-08-12,verb
to shut up,,黙る,2026-08-12,2026-08-12,verb
to turn over (a page in a book),,捲る,2026-08-12,2026-08-12,verb
to bloom,,咲く,2026-08-12,2026-08-12,verb
to spit out,to vomit; to vent (feelings),吐き出す,2026-08-12,2026-08-12,verb
to send,,送る,2026-08-12,2026-08-12,verb
to place,to leave (something somewhere),置く,2026-08-12,2026-08-12,verb
to pass (time),,経つ,2026-08-12,2026-08-12,verb
to dedicate,to devote; to offer; to sacrifice,捧げる,2026-08-12,2026-08-12,verb
to grab,,掴む,2026-08-12,2026-08-12,verb
to touch,,触る,2026-08-12,2026-08-12,verb
to sit,,座る,2026-08-12,2026-08-12,verb
to stand and read,to browse,立ち読みする,2026-08-12,2026-08-12,verb
to fight,,戦う,2026-08-12,2026-08-12,verb
to vomit,,吐く,2026-08-12,2026-08-12,verb
to fly,,飛ぶ,2026-08-12,2026-08-12,verb
to dig,,掘る,2026-08-12,2026-08-12,verb
to hit (something; normally w/ a tool),,打つ,2026-08-12,2026-08-12,verb
to hit (inflict harm; doing violence),,殴る,2026-08-12,2026-08-12,verb
to collide with,to encounter; to clash,ぶつかる,2026-08-12,2026-08-12,verb
to feed and raise (an animal),,飼育する,2026-08-12,2026-08-12,verb
to raise (animal or child or plants),,育てる,2026-08-12,2026-08-12,verb
to move,,動く,2026-08-12,2026-08-12,verb
to work,,働く,2026-08-12,2026-08-12,verb
to take out,,出す,2026-08-12,2026-08-12,verb
to go out,,出る,2026-08-12,2026-08-12,verb
to go out,,出かける,2026-08-12,2026-08-12,verb
to come to a halt,,止まる,2026-08-12,2026-08-12,verb
to stop (something; doing something),,止める,2026-08-12,2026-08-12,verb
to come out,to exit; to fall out; to escape,抜ける,2026-08-12,2026-08-12,verb
to broadcast,to deliver; to stream,配信する,2026-08-12,2026-08-12,verb
to shake,to tremble,震える,2026-08-12,2026-08-12,verb
to distribute,,配る,2026-08-12,2026-08-12,verb
to curve,to bend; to twist (intransitive),曲がる,2026-08-12,2026-08-12,verb
to curve,to bend; to twist (transitive),曲げる,2026-08-12,2026-08-12,verb
to throw,,投げる,2026-08-12,2026-08-12,verb
to compare,,比べる,2026-08-12,2026-08-12,verb
to look up,to investigate,調べる,2026-08-12,2026-08-12,verb
to climb,,登る,2026-08-12,2026-08-12,verb
to rise (like a salary),,昇る,2026-08-12,2026-08-12,verb
to be (completely) empty,,空く,2026-08-12,2026-08-12,verb
to put in (transitive),,入れる,2026-08-12,2026-08-12,verb
to enter,to go in; to come in; to be in (intransitive; even though the often used with ◯◯に入る),入る,2026-08-12,2026-08-12,verb
to exist (animate object),,いる,2026-08-12,2026-08-12,verb
to need,,要る,2026-08-12,2026-08-12,verb
to memorize,,覚える,2026-08-12,2026-08-12,verb
to recall something,,思い出す,2026-08-12,2026-08-12,verb
to forget,,忘れる,2026-08-12,2026-08-12,verb
to feel,to sense,思う,2026-08-12,2026-08-12,verb
to ponder,to consider (emphasizes the act of thinking),考える,2026-08-12,2026-08-12,verb
to open (like an unfolding; focusing on what is revealed),,開く,2026-08-12,2026-08-12,verb
to close abstract things,mentally; non-physical (transitive),閉ざす,2026-08-12,2026-08-12,verb
to close,to close softer things like eyes (intransitive/transitive),閉じる,2026-08-12,2026-08-12,verb
to close (intransitive),,閉まる,2026-08-12,2026-08-12,verb
to close (transitive),,閉める,2026-08-12,2026-08-12,verb
to drop (transitive),,落とす,2026-08-12,2026-08-12,verb
to fall (intransitive),,落ちる,2026-08-12,2026-08-12,verb
to give (speaker giving to someone),,あげる,2026-08-12,2026-08-12,verb
to give (speaker is receiving from someone),,くれる,2026-08-12,2026-08-12,verb
to give effort,,頑張る,2026-08-12,2026-08-12,verb
to show off,,カッコつける,2026-08-12,2026-08-12,verb
to pay (more general; to pay respect; money; etc),,払う,2026-08-12,2026-08-12,verb
to pay (narrow use focused on paying a monetary expense),,支払う,2026-08-12,2026-08-12,verb
to go across,,渡る,2026-08-12,2026-08-12,verb
to make a mistake,,間違える,2026-08-12,2026-08-12,verb
to praise (someone),,褒める,2026-08-12,2026-08-12,verb
to surround,,囲む,2026-08-12,2026-08-12,verb
to fight,,喧嘩する,2026-08-12,2026-08-12,verb
to make up,to resolve the issue,仲直りする,2026-08-12,2026-08-12,verb
to be patient,,我慢する,2026-08-12,2026-08-12,verb
to be troubled,to be worried,悩む,2026-08-12,2026-08-12,verb
to worry,,心配する,2026-08-12,2026-08-12,verb
to come back to life,,生き返る,2026-08-12,2026-08-12,verb
to hide (something),,隠す,2026-08-12,2026-08-12,verb
to be hidden,,隠れる,2026-08-12,2026-08-12,verb
to grow up,,育つ,2026-08-12,2026-08-12,verb
to play (strings/keys instruments),,弾く,2026-08-12,2026-08-12,verb
to play (wind/brass instruments),,吹く,2026-08-12,2026-08-12,verb
to play (percussion),to hit (from light taps to slapping; makes noise),叩く,2026-08-12,2026-08-12,verb
to play an instrument (in general),,演奏する,2026-08-12,2026-08-12,verb
to clean up,,掃除する,2026-08-12,2026-08-12,verb
to do laundry,,洗濯する,2026-08-12,2026-08-12,verb
to be late,,遅刻する,2026-08-12,2026-08-12,verb
to fold,,畳む,2026-08-12,2026-08-12,verb
to put away,,しまう,2026-08-12,2026-08-12,verb
to be humble,,謙遜している,2026-08-12,2026-08-12,verb
to be embarrassed,,照れる,2026-08-12,2026-08-12,verb
to seek,to demand,求める,2026-08-12,2026-08-12,verb
to come around,,回ってくる,2026-08-12,2026-08-12,verb
to boil (e.g. water),,沸かす,2026-08-12,2026-08-12,verb
to seek,,望む,2026-08-12,2026-08-12,verb
to defend,,守る,2026-08-12,2026-08-12,verb
to wash,,洗う,2026-08-12,2026-08-12,verb
to get dry,to become parched,乾く,2026-08-12,2026-08-12,verb
to dance,,踊る,2026-08-12,2026-08-12,verb
to be surprised,,驚く,2026-08-12,2026-08-12,verb
to be surprised,,びっくりする,2026-08-12,2026-08-12,verb
to get angry,,怒る,2026-08-12,2026-08-12,verb
to get older,,歳を取る,2026-08-12,2026-08-12,verb
to spend (time),to pass; to lead (a life); to live,過ごす,2026-08-12,2026-08-12,verb
to aim for,,目指す,2026-08-12,2026-08-12,verb
to hang up,to pour; to multiple; to raise (a flag); … (it’s almost like する with so many uses),掛ける,2026-08-12,2026-08-12,verb
to proceed,,進める,2026-08-12,2026-08-12,verb
to continue,,進む,2026-08-12,2026-08-12,verb
to continue,,続ける,2026-08-12,2026-08-12,verb
to pee,,おしっこする,2026-08-12,2026-08-12,verb
to withdraw (money),,下ろす,2026-08-12,2026-08-12,verb
to be in time,,間に合う,2026-08-12,2026-08-12,verb
to invite (into your home; to a place),,招く,2026-08-12,2026-08-12,verb
to invite to do something together,,誘う,2026-08-12,2026-08-12,verb
to hold hands,,手を繋ぐ,2026-08-12,2026-08-12,verb
to take off (clothes; shoes),,脱ぐ,2026-08-12,2026-08-12,verb
to arrange,to gather (a collection),揃える,2026-08-12,2026-08-12,verb
to carry out,to conduct; to do,行う,2026-08-12,2026-08-12,verb
to lose,,失う,2026-08-12,2026-08-12,verb
to go,,行く,2026-08-12,2026-08-12,verb
to count,to enumerate,数える,2026-08-12,2026-08-12,verb
to refuse,to turn down,断る,2026-08-12,2026-08-12,verb
to put away (clean up),,片付ける,2026-08-12,2026-08-12,verb
to let down,,垂らす,2026-08-12,2026-08-12,verb
to forgive,,許す,2026-08-12,2026-08-12,verb
to wait in hope,,待ち望む,2026-08-12,2026-08-12,verb
to guess,to perceive the meaning,察する,2026-08-12,2026-08-12,verb
to adjust,,調整する,2026-08-12,2026-08-12,verb
to solve,,解く,2026-08-12,2026-08-12,verb
to heckle,to hoot,野次る,2026-08-12,2026-08-12,verb
to strive,to make an effort,努める,2026-08-12,2026-08-12,verb
to be infatuated with oneself,,自分に酔っている,2026-08-12,2026-08-12,verb
to participate in,,携わる,2026-08-12,2026-08-12,verb
to become popular,,流行る,2026-08-12,2026-08-12,verb
to go viral,,バズる,2026-08-12,2026-08-12,verb
to work (for),to be employed (at),勤める,2026-08-12,2026-08-12,verb
to work (for),to be employed (at),務める,2026-08-12,2026-08-12,verb
to give up,,諦める,2026-08-12,2026-08-12,verb
to produce fruit/crop,,実がなる,2026-08-12,2026-08-12,verb
to fit,to be on point; to be correct,合う,2026-08-12,2026-08-12,verb
to summarize,,まとめる,2026-08-12,2026-08-12,verb
to lose,,負ける,2026-08-12,2026-08-12,verb
to ignite,,熾す,2026-08-12,2026-08-12,verb
to transmit,to convey,伝う,2026-08-12,2026-08-12,verb
to speak,,喋る,2026-08-12,2026-08-12,verb
to handle,to treat; to deal with,扱う,2026-08-12,2026-08-12,verb
to wipe,,拭く,2026-08-12,2026-08-12,verb
to help someone who is in trouble or out of a situation,,助ける,2026-08-12,2026-08-12,verb
to save someone (in a spiritual or fatalistic sense),,救う,2026-08-12,2026-08-12,verb
to fall over,to collapse,倒れる,2026-08-12,2026-08-12,verb
to connect,,繋ぐ,2026-08-12,2026-08-12,verb
to be connected,,繋がる,2026-08-12,2026-08-12,verb
to act pretentious (to try and impress),,気取っている,2026-08-12,2026-08-12,verb
to take off,to remove; to miss; to dodge,外す,2026-08-12,2026-08-12,verb
to fudge the numbers,,鯖を読む,2026-08-12,2026-08-12,verb
to summarize,,纏める,2026-08-12,2026-08-12,verb
to dabble in,to enjoy; to partake in,嗜む,2026-08-12,2026-08-12,verb
